gltf_viewer backend=vulkan window=1280x720 vsync=on prepass=0 warmup=1 camera=1 build=release model=/media/djoker/907845047844EA94/downloads/niagara_bistro/bistro.gltf skipmips=2 frames=2085
frame total_ms cull_ms uniforms_ms record_ms present_ms gpu_ms step keys triangles
0 17.78 0.14 0.60 16.91 0.13 0.00 0.0000 0 2612274
1 17.89 0.10 0.26 17.30 0.23 0.00 0.0000 0 2612274
2 24.16 0.10 0.27 23.45 0.34 33.44 0.0000 0 2612274
3 67.30 0.11 0.26 66.77 0.17 33.03 0.0000 0 2612274
4 8.73 0.11 0.23 8.09 0.30 33.03 0.0000 0 2612274
5 63.29 0.11 0.27 62.59 0.34 32.22 0.0000 0 2612274
6 20.43 0.17 0.27 19.61 0.37 32.22 0.0000 0 2612274
7 54.56 0.18 0.46 53.71 0.21 35.97 0.0000 0 2612274
8 11.85 0.11 0.27 10.95 0.52 35.97 0.0000 0 2612274
9 68.13 0.12 0.27 67.58 0.16 34.14 0.0000 0 2612274
10 15.34 0.09 0.25 14.64 0.36 34.14 0.0000 0 2612274
11 73.55 0.14 0.30 72.94 0.16 41.32 0.0000 0 2612274
12 9.60 0.10 0.25 8.88 0.37 41.32 0.0000 0 2612274
13 67.85 0.10 0.28 67.30 0.17 35.84 0.0000 0 2612274
14 15.34 0.10 0.27 14.64 0.33 35.84 0.0000 0 2612274
15 71.19 0.10 0.27 70.65 0.17 40.95 0.0000 0 2612274
16 10.68 0.10 0.25 10.01 0.32 40.95 0.0000 0 2612274
17 63.14 0.19 0.02 62.75 0.18 22.65 0.0000 0 2612274
18 26.83 0.12 0.01 26.41 0.29 22.77 0.0000 0 2612274
19 16.04 0.20 0.02 15.30 0.53 22.77 0.0000 0 2612274
20 46.64 0.47 0.02 45.85 0.31 22.86 0.0000 0 2612274
21 13.29 0.22 0.01 12.85 0.19 22.86 0.0000 0 2612274
22 15.54 0.13 0.01 15.17 0.23 22.89 0.0000 0 2612274
23 49.00 0.19 0.02 48.53 0.27 22.81 0.0000 0 2612274
24 18.91 0.17 0.01 18.52 0.21 22.81 0.0000 0 2612274
25 21.96 0.14 0.01 20.96 0.85 22.87 0.0000 0 2612274
26 46.89 0.57 0.03 46.03 0.26 22.79 0.0000 0 2612274
27 14.11 0.39 0.01 13.45 0.25 22.79 0.0000 0 2612274
28 24.25 0.13 0.01 23.74 0.37 23.03 0.0000 0 2612274
29 50.94 0.28 0.01 50.36 0.29 22.63 0.0000 0 2612274
30 7.63 0.21 0.01 7.22 0.18 22.63 0.0000 0 2612274
31 44.18 0.12 0.01 43.77 0.29 22.63 0.0000 0 2612274
32 11.97 0.21 0.01 11.16 0.59 22.63 0.0000 0 2612274
33 50.73 0.52 0.02 49.85 0.34 22.64 0.0000 0 2612274
34 10.20 0.17 0.01 9.83 0.19 22.64 0.0000 0 2612274
35 41.06 0.13 0.01 40.63 0.29 21.05 0.0000 0 2612274
36 8.94 0.15 0.01 8.62 0.17 21.05 0.0000 0 2612274
37 37.64 0.10 0.01 37.22 0.31 20.27 0.0000 0 2612274
38 14.50 0.13 0.01 14.10 0.25 20.27 0.0000 0 2612274
39 45.85 0.22 0.01 45.28 0.34 21.75 0.0000 0 2612274
40 18.15 0.20 0.01 17.73 0.20 21.75 0.0000 0 2612274
41 16.31 0.10 0.01 16.00 0.20 22.92 0.0000 0 2612274
42 44.48 0.16 0.01 44.06 0.26 22.78 0.0000 0 2612274
43 6.20 0.13 0.01 5.87 0.19 22.78 0.0000 0 2612274
44 46.79 0.15 0.01 46.39 0.25 23.24 0.0000 0 2612274
45 28.15 0.21 0.01 27.68 0.25 23.92 0.0000 0 2612274
46 8.26 0.15 0.01 7.97 0.13 23.92 0.0000 0 2612274
47 48.38 0.14 0.01 47.99 0.24 24.56 0.0000 0 2612274
48 18.20 0.18 0.01 17.83 0.17 24.56 0.0000 0 2612274
49 17.05 0.16 0.04 16.61 0.24 22.97 0.0000 0 2612274
50 43.58 0.23 0.01 43.11 0.22 22.76 0.0000 0 2612274
51 5.26 0.20 0.01 4.95 0.10 22.76 0.0000 0 2612274
52 47.67 0.10 0.01 47.25 0.31 22.79 0.0000 0 2612274
53 27.29 0.23 0.01 26.74 0.31 22.64 0.0000 0 2612274
54 10.09 0.17 0.01 9.58 0.32 22.64 0.0000 0 2612274
55 43.26 0.16 0.01 42.85 0.24 22.57 0.0000 0 2612274
56 6.24 0.12 0.01 5.88 0.23 22.57 0.0000 0 2612274
57 45.91 0.17 0.01 45.46 0.27 22.46 0.0000 0 2612274
58 24.54 0.19 0.01 24.10 0.24 20.83 0.0000 0 2612274
59 28.86 0.16 0.01 28.42 0.26 20.45 0.0000 0 2612274
60 16.87 0.22 0.01 16.37 0.27 20.45 0.0000 0 2612274
61 16.72 0.12 0.01 16.40 0.20 20.53 0.0000 0 2612274
62 17.02 0.15 0.01 16.57 0.29 20.56 0.0000 0 2612274
63 47.05 0.25 0.01 46.50 0.28 22.57 0.0000 0 2612274
64 26.86 0.14 0.01 26.48 0.24 22.77 0.0000 0 2612274
65 9.25 0.17 0.01 8.69 0.38 22.77 0.0000 0 2612274
66 39.87 0.26 0.01 39.36 0.24 20.53 0.0000 0 2612274
67 10.14 0.19 0.01 9.75 0.19 20.53 0.0000 0 2612274
68 37.53 0.13 0.01 37.15 0.25 20.44 0.0000 0 2612274
69 12.32 0.18 0.01 11.90 0.23 20.44 0.0000 0 2612274
70 22.13 0.19 0.01 21.07 0.86 20.55 0.0000 0 2612274
71 47.89 0.66 0.03 46.94 0.27 20.45 0.0000 0 2612274
72 13.88 0.19 0.01 13.42 0.27 20.45 0.0000 0 2612274
73 15.63 0.20 0.01 15.25 0.18 20.34 0.0000 0 2612274
74 41.64 0.14 0.01 41.25 0.24 20.38 0.0000 0 2612274
75 8.59 0.15 0.01 8.23 0.19 20.38 0.0000 0 2612274
76 43.88 0.13 0.01 43.47 0.27 22.70 0.0000 0 2612274
77 5.66 0.24 0.01 5.24 0.17 22.70 0.0000 0 2612274
78 46.77 0.17 0.01 46.35 0.25 22.66 0.0000 0 2612274
79 26.88 0.21 0.01 26.49 0.16 22.65 0.0000 0 2612274
80 10.00 0.16 0.01 9.65 0.17 22.65 0.0000 0 2612274
81 43.06 0.16 0.01 42.63 0.26 22.68 0.0000 0 2612274
82 6.86 0.22 0.01 6.47 0.17 22.68 0.0000 0 2612274
83 45.05 0.15 0.01 44.64 0.24 22.59 0.0000 0 2612274
84 4.64 0.17 0.01 4.34 0.12 22.59 0.0000 0 2612274
85 47.34 0.12 0.01 46.97 0.23 22.77 0.0000 0 2612274
86 25.49 0.18 0.01 25.09 0.21 21.25 0.0000 0 2612274
87 13.98 0.10 0.01 13.61 0.26 21.25 0.0000 0 2612274
88 44.62 0.22 0.01 44.17 0.22 20.26 0.0000 0 2612274
89 24.10 0.13 0.01 23.74 0.23 20.32 0.0000 0 2612274
90 12.18 0.22 0.02 11.71 0.23 20.32 0.0000 0 2612274
91 40.33 0.14 0.02 39.88 0.30 22.64 0.0000 0 2612274
92 9.02 0.13 0.01 8.62 0.27 22.64 0.0000 0 2612274
93 43.03 0.12 0.01 42.65 0.25 22.88 0.0000 0 2612274
94 7.62 0.19 0.01 7.22 0.20 22.88 0.0000 0 2612274
95 45.37 0.21 0.01 44.85 0.29 22.64 0.0000 0 2612274
96 26.60 0.13 0.01 26.32 0.15 22.80 0.0000 0 2612274
97 11.18 0.12 0.01 10.85 0.21 22.80 0.0000 0 2612274
98 37.23 0.17 0.01 36.84 0.21 20.43 0.0000 0 2612274
99 12.02 0.13 0.01 11.72 0.17 20.43 0.0000 0 2612274
100 16.46 0.19 0.01 15.97 0.29 20.61 0.0000 0 2612274
101 44.46 0.31 0.02 43.87 0.26 21.92 0.0000 0 2612274
102 5.97 0.21 0.01 5.53 0.22 21.92 0.0000 0 2612274
103 45.92 0.20 0.01 45.39 0.33 22.83 0.0000 0 2612274
104 26.85 0.15 0.01 26.53 0.16 22.98 0.0000 0 2612274
105 11.49 0.11 0.01 11.14 0.23 22.98 0.0000 0 2612274
106 37.06 0.24 0.01 36.65 0.16 20.47 0.0000 0 2612274
107 11.98 0.11 0.01 11.70 0.16 20.47 0.0000 0 2612274
108 16.74 0.14 0.01 16.36 0.23 20.77 0.0000 0 2612274
109 41.98 0.21 0.01 41.50 0.26 20.32 0.0000 0 2612274
110 7.22 0.21 0.01 6.86 0.14 20.32 0.0000 0 2612274
111 40.43 0.12 0.01 40.05 0.26 20.29 0.0000 0 2612274
112 10.60 0.20 0.01 10.09 0.30 20.29 0.0000 0 2612274
113 38.86 0.25 0.01 38.34 0.25 22.67 0.0000 0 2612274
114 10.63 0.21 0.01 10.15 0.25 22.67 0.0000 0 2612274
115 42.98 0.12 0.01 42.58 0.26 22.76 0.0000 0 2612274
116 9.99 0.21 0.01 9.62 0.15 22.76 0.0000 0 2612274
117 41.55 0.15 0.01 41.18 0.21 20.84 0.0000 0 2612274
118 11.45 0.13 0.01 10.64 0.67 20.84 0.0000 0 2612274
119 27.77 0.53 0.02 27.02 0.19 31.64 0.0000 0 2612274
120 43.51 0.13 0.01 43.11 0.26 20.57 0.0000 0 2612274
121 6.20 0.12 0.01 5.91 0.15 20.57 0.0000 0 2612274
122 45.78 0.12 0.01 45.46 0.18 22.59 0.0000 0 2612274
123 4.28 0.13 0.01 3.90 0.23 22.59 0.0000 0 2612274
124 45.03 0.12 0.01 44.55 0.36 20.92 0.0000 0 2612274
125 12.37 0.23 0.01 11.80 0.33 20.92 0.0000 0 2612274
126 57.42 0.25 0.01 56.90 0.26 31.79 0.0000 0 2612274
127 18.26 0.20 0.01 17.85 0.20 31.79 0.0000 0 2612274
128 16.20 0.14 0.01 15.81 0.24 20.65 0.0000 0 2612274
129 17.31 0.12 0.01 16.92 0.26 20.61 0.0000 0 2612274
130 45.10 0.18 0.01 44.58 0.33 22.32 0.0000 0 2612274
131 4.35 0.15 0.01 4.02 0.16 22.32 0.0000 0 2612274
132 44.57 0.15 0.01 44.17 0.24 20.43 0.0000 0 2612274
133 10.91 0.15 0.01 9.98 0.77 20.43 0.0000 0 2612274
134 47.80 0.64 0.03 46.85 0.29 20.31 0.0000 0 2612274
135 13.33 0.20 0.01 12.96 0.16 20.31 0.0000 0 2612274
136 16.49 0.11 0.01 16.17 0.20 21.79 0.0000 0 2612274
137 46.16 0.23 0.01 45.55 0.37 22.49 0.0000 0 2612274
138 26.52 0.24 0.02 26.01 0.26 22.63 0.0000 0 2612274
139 10.60 0.17 0.01 10.30 0.11 22.63 0.0000 0 2612274
140 41.79 0.10 0.00 41.39 0.30 22.53 0.0000 0 2612274
141 8.48 0.20 0.01 8.07 0.20 22.53 0.0000 0 2612274
142 43.17 0.21 0.01 42.68 0.27 22.60 0.0000 0 2612274
143 6.96 0.26 0.01 6.45 0.23 22.60 0.0000 0 2612274
144 45.26 0.25 0.01 44.71 0.29 22.45 0.0000 0 2612274
145 3.82 0.14 0.01 3.49 0.18 22.45 0.0000 0 2612274
146 48.36 0.13 0.01 47.93 0.30 22.75 0.0000 0 2612274
147 26.87 0.20 0.01 26.49 0.17 22.90 0.0000 0 2612274
148 8.17 0.12 0.01 7.87 0.18 22.90 0.0000 0 2612274
149 44.18 0.14 0.01 43.75 0.28 22.48 0.0000 0 2612274
150 6.25 0.15 0.01 5.96 0.13 22.48 0.0000 0 2612274
151 45.36 0.12 0.01 44.96 0.28 22.60 0.0000 0 2612274
152 3.96 0.18 0.01 3.61 0.16 22.60 0.0000 0 2612274
153 48.68 0.17 0.01 48.23 0.27 22.81 0.0000 0 2612274
154 18.76 0.22 0.01 18.36 0.18 22.81 0.0000 0 2612274
155 16.53 0.13 0.01 16.07 0.33 22.75 0.0000 0 2612274
156 41.99 0.16 0.01 41.53 0.30 20.97 0.0000 0 2612274
157 7.47 0.14 0.01 7.12 0.19 20.97 0.0000 0 2612274
158 40.23 0.16 0.01 39.70 0.36 20.29 0.0000 0 2612274
159 14.07 0.18 0.01 13.57 0.31 20.29 0.0000 0 2612274
160 46.18 0.22 0.01 45.66 0.29 21.87 0.0000 0 2612274
161 16.97 0.20 0.01 16.46 0.30 21.87 0.0000 0 2612274
162 16.15 0.15 0.01 15.78 0.22 22.69 0.0000 0 2612274
163 44.70 0.18 0.01 44.20 0.31 22.47 0.0000 0 2612274
164 5.12 0.19 0.01 4.73 0.18 22.47 0.0000 0 2612274
165 47.71 0.19 0.01 47.16 0.35 22.98 0.0000 0 2612274
166 19.49 0.23 0.01 18.98 0.27 22.98 0.0000 0 2612274
167 17.51 0.15 0.01 17.09 0.26 20.96 0.0000 0 2612274
168 36.93 0.15 0.01 36.58 0.18 20.88 0.0000 0 2612274
169 16.31 0.11 0.01 15.81 0.38 20.88 0.0000 0 2612274
170 42.08 0.27 0.01 41.50 0.30 20.33 0.0000 0 2612274
171 25.12 0.24 0.02 24.63 0.23 21.56 0.0000 0 2612274
172 11.94 0.13 0.01 11.56 0.24 21.56 0.0000 0 2612274
173 39.95 0.22 0.01 39.42 0.29 22.38 0.0000 0 2612274
174 10.09 0.14 0.01 9.71 0.23 22.38 0.0000 0 2612274
175 42.20 0.20 0.02 41.66 0.33 22.65 0.0000 0 2612274
176 7.04 0.23 0.01 6.61 0.19 22.65 0.0000 0 2612274
177 45.23 0.20 0.01 44.70 0.32 22.65 0.0000 0 2612274
178 4.61 0.13 0.01 4.29 0.18 22.65 0.0000 128 2612274
179 47.76 0.20 0.01 47.38 0.17 22.65 0.0000 128 2612274
180 28.13 0.13 0.25 27.58 0.17 22.80 0.0000 128 2181893
181 10.64 0.04 0.22 9.87 0.51 22.80 0.0000 128 2017802
182 71.80 0.07 0.23 71.33 0.17 35.39 0.0000 128 2011020
183 9.23 0.04 0.21 8.78 0.19 35.39 0.0000 128 1948126
184 63.09 0.06 0.22 62.54 0.27 27.60 0.0000 128 1948126
185 24.27 0.16 0.25 23.68 0.17 19.35 0.0000 128 1848087
186 12.62 0.03 0.21 12.14 0.24 19.35 0.0000 128 1848087
187 61.54 0.04 0.23 61.00 0.28 32.98 0.0000 128 1848087
188 11.00 0.17 0.01 10.44 0.39 32.98 0.0000 128 1848087
189 38.98 0.12 0.01 38.49 0.35 16.08 0.0000 128 1848087
190 4.50 0.13 0.01 4.09 0.27 16.08 0.0000 0 1848087
191 33.08 0.11 0.01 32.77 0.19 16.00 0.0000 0 1848087
192 16.21 0.08 0.01 15.85 0.26 16.00 0.0000 0 1848087
193 16.69 0.09 0.01 16.38 0.20 15.97 0.0000 0 1848087
194 16.43 0.09 0.01 16.13 0.20 16.10 0.0000 0 1848087
195 17.00 0.07 0.01 16.66 0.27 17.23 0.0000 0 1848087
196 16.45 0.09 0.01 16.12 0.23 18.09 0.0000 0 1848087
197 37.77 0.07 0.01 37.43 0.26 17.96 0.0000 0 1848087
198 12.37 0.08 0.01 12.10 0.18 17.96 0.0000 0 1848087
199 16.49 0.06 0.01 16.24 0.19 18.11 0.0000 0 1848087
200 16.84 0.04 0.00 16.52 0.28 18.15 0.0000 0 1848087
201 38.69 0.08 0.01 38.34 0.26 17.83 0.0000 0 1848087
202 10.85 0.09 0.01 10.60 0.15 17.83 0.0000 0 1848087
203 20.79 0.04 0.00 19.72 1.02 18.19 0.0000 0 1848087
204 41.18 0.36 0.05 40.49 0.28 17.11 0.0000 0 1848087
205 4.73 0.07 0.01 4.45 0.20 17.11 0.0000 0 1848087
206 23.50 0.07 0.01 23.02 0.39 16.11 0.0000 0 1848087
207 39.99 0.16 0.02 39.53 0.29 16.03 0.0000 0 1848087
208 20.91 0.12 0.01 20.55 0.23 16.21 0.0000 0 1848087
209 16.47 0.07 0.01 16.01 0.39 16.21 0.0000 0 1848087
210 15.74 0.12 0.01 15.35 0.26 17.03 0.0000 0 1848087
211 17.10 0.08 0.01 16.81 0.20 18.22 0.0000 0 1848087
212 16.96 0.07 0.01 16.53 0.35 18.19 0.0000 0 1848087
213 37.14 0.09 0.01 36.80 0.24 17.98 0.0000 0 1848087
214 12.20 0.05 0.01 12.00 0.15 17.98 0.0000 0 1848087
215 17.20 0.04 0.01 16.85 0.30 18.15 0.0000 0 1848087
216 16.20 0.11 0.01 15.78 0.30 18.16 0.0000 0 1848087
217 38.65 0.13 0.01 38.28 0.23 18.01 0.0000 0 1848087
218 11.51 0.08 0.01 11.28 0.14 18.01 0.0000 0 1848087
219 16.96 0.04 0.00 16.65 0.26 18.29 0.0000 0 1848087
220 16.12 0.07 0.01 15.85 0.18 17.80 0.0000 0 1848087
221 39.52 0.05 0.01 39.21 0.25 17.70 0.0000 0 1848087
222 10.61 0.06 0.01 10.35 0.20 17.70 0.0000 0 1848087
223 16.54 0.07 0.01 16.20 0.26 18.04 0.0000 0 1848087
224 36.63 0.08 0.01 36.25 0.29 18.06 0.0000 0 1848087
225 13.56 0.08 0.02 13.26 0.20 18.06 0.0000 0 1848087
226 18.84 0.06 0.01 17.63 1.14 18.06 0.0000 0 1848087
227 40.61 0.42 0.05 39.87 0.27 18.24 0.0000 0 1848087
228 6.53 0.11 0.01 6.17 0.24 18.24 0.0000 0 1848087
229 16.50 0.08 0.01 16.17 0.25 18.11 0.0000 0 1848087
230 40.04 0.08 0.01 39.71 0.24 17.84 0.0000 0 1848087
231 10.62 0.09 0.01 10.31 0.22 17.84 0.0000 0 1848087
232 16.53 0.11 0.01 16.23 0.18 18.37 0.0000 0 1848087
233 35.71 0.05 0.01 35.41 0.24 17.74 0.0000 0 1848087
234 15.15 0.05 0.01 14.87 0.22 17.74 0.0000 0 1848087
235 19.66 0.10 0.01 18.58 0.97 17.97 0.0000 0 1848087
236 38.57 0.47 0.05 37.79 0.25 18.52 0.0000 0 1848087
237 8.14 0.07 0.01 7.75 0.31 18.52 0.0000 0 1848087
238 16.12 0.10 0.01 15.81 0.20 17.90 0.0000 0 1848087
239 34.72 0.09 0.01 34.36 0.27 16.00 0.0000 0 1848087
240 17.27 0.05 0.01 16.30 0.92 16.00 0.0000 0 1848087
241 15.13 0.33 0.04 14.57 0.19 18.95 0.0000 0 1848087
242 33.90 0.06 0.01 33.57 0.26 16.14 0.0000 0 1848087
243 15.77 0.05 0.01 15.51 0.21 16.14 0.0000 0 1848087
244 16.89 0.07 0.01 16.67 0.15 18.02 0.0000 0 1848087
245 16.10 0.05 0.01 15.89 0.15 18.02 0.0000 0 1848087
246 17.46 0.05 0.01 17.20 0.20 17.04 0.0000 0 1848087
247 33.62 0.16 0.01 33.27 0.18 16.13 0.0000 0 1848087
248 16.59 0.08 0.01 16.11 0.39 16.13 0.0000 0 1848087
249 16.21 0.13 0.01 15.87 0.21 16.02 0.0000 0 1848087
250 16.44 0.06 0.01 16.11 0.27 16.09 0.0000 0 1848087
251 16.81 0.08 0.01 16.48 0.24 16.04 0.0000 0 1848087
252 16.79 0.07 0.01 16.37 0.34 17.51 0.0000 0 1848087
253 35.66 0.12 0.01 35.27 0.26 17.84 0.0000 0 1848087
254 14.09 0.08 0.01 13.73 0.28 17.84 0.0000 128 1848087
255 16.81 0.07 0.01 16.40 0.32 18.01 0.0000 128 1848087
256 16.30 0.10 0.01 15.95 0.25 18.15 0.0000 128 1848087
257 37.58 0.10 0.01 37.22 0.25 17.94 0.0000 128 1848087
258 13.63 0.10 0.24 13.02 0.28 17.94 0.0000 128 1925032
259 17.39 0.06 0.26 16.86 0.21 18.25 0.0000 128 1957738
260 60.19 0.05 0.24 59.70 0.21 35.78 0.0000 128 2060893
261 5.32 0.16 0.25 4.74 0.17 35.78 0.0000 128 2132889
262 61.59 0.06 0.25 60.96 0.32 38.90 0.0000 128 2137691
263 4.87 0.18 0.31 4.14 0.23 38.90 0.0000 128 2322045
264 65.59 0.12 0.38 64.81 0.29 42.64 0.0000 128 2322045
265 16.98 0.10 0.29 16.35 0.23 42.64 0.0000 128 2394037
266 21.14 0.20 0.30 20.39 0.26 20.68 0.0000 128 2406601
267 45.86 0.21 0.01 45.33 0.30 21.04 0.0000 128 2406601
268 17.14 0.22 0.29 16.38 0.25 21.04 0.0000 128 2420699
269 42.88 0.15 0.38 42.13 0.22 20.94 0.0000 128 2440691
270 6.81 0.15 0.27 6.16 0.22 20.94 0.0000 128 2452190
271 45.80 0.12 0.01 45.36 0.32 23.07 0.0000 128 2452190
272 26.64 0.18 0.01 26.16 0.29 22.86 0.0000 128 2452190
273 10.66 0.15 0.01 10.31 0.19 22.86 0.0000 128 2452190
274 42.31 0.11 0.01 41.88 0.32 22.90 0.0000 128 2452190
275 7.67 0.18 0.01 7.28 0.20 22.90 0.0000 128 2452190
276 44.95 0.11 0.01 44.55 0.28 22.77 0.0000 128 2452190
277 4.08 0.16 0.01 3.63 0.27 22.77 0.0000 128 2452190
278 48.48 0.22 0.01 47.85 0.40 22.94 0.0000 128 2452190
279 18.58 0.17 0.29 17.91 0.22 22.94 0.1463 129 2442869
280 46.11 0.14 0.37 45.30 0.30 22.54 0.0558 129 2443775
281 4.20 0.16 0.36 3.33 0.34 22.54 0.1384 129 2444243
282 48.13 0.18 0.35 47.24 0.35 22.86 0.0126 129 2444243
283 18.59 0.17 0.29 17.91 0.22 22.86 0.1444 129 2434171
284 45.22 0.13 0.35 44.38 0.36 23.09 0.0558 129 2435543
285 27.89 0.19 0.31 27.07 0.32 23.10 0.1357 129 2428711
286 10.60 0.16 0.32 9.93 0.20 23.10 0.0837 129 2427117
287 42.50 0.13 0.51 41.54 0.33 22.85 0.0318 129 2427425
288 8.91 0.16 0.32 8.09 0.35 22.85 0.1275 129 2424869
289 46.47 0.08 0.24 45.82 0.33 28.18 0.0268 129 2424869
290 17.99 0.20 0.33 17.29 0.17 28.18 0.1394 129 2418315
291 24.00 0.13 0.25 23.07 0.55 20.89 0.0540 129 2418067
292 43.56 0.44 1.14 41.69 0.29 22.98 0.0721 129 2417407
293 15.78 0.23 0.33 14.93 0.28 22.98 0.1307 129 2411461
294 16.12 0.17 0.41 15.34 0.20 23.58 0.0474 129 2409871
295 48.06 0.11 0.39 47.28 0.28 23.36 0.0484 129 2407281
296 27.34 0.20 0.33 26.48 0.32 22.99 0.1443 129 2406385
297 7.80 0.14 0.25 7.16 0.25 22.99 0.0821 129 2406035
298 44.75 0.14 0.36 43.97 0.29 23.05 0.0234 129 2390430
299 5.62 0.19 0.26 4.95 0.21 23.05 0.1343 129 2384742
300 47.31 0.12 0.28 46.58 0.33 23.01 0.0169 129 2384742
301 26.63 0.22 0.33 25.75 0.32 22.71 0.1420 129 2375985
302 10.42 0.17 0.28 9.64 0.33 22.71 0.3199 193 2348086
303 53.24 0.08 0.25 52.64 0.27 33.73 0.1251 193 2348185
304 12.62 0.19 0.27 11.94 0.22 33.73 0.6393 193 2331635
305 39.75 0.14 0.29 38.95 0.38 22.36 0.1517 193 2329190
306 10.26 0.12 0.26 9.68 0.20 22.36 0.4775 193 2329477
307 50.62 0.07 0.26 49.96 0.32 31.01 0.1232 193 2332797
308 15.47 0.08 0.28 14.91 0.21 31.01 0.6078 193 2326978
309 45.43 0.09 0.37 44.72 0.25 23.23 0.1858 193 2316882
310 28.28 0.15 0.31 27.56 0.26 23.69 0.5455 193 2304968
311 10.91 0.09 0.27 10.24 0.31 23.69 0.3395 193 2282398
312 53.54 0.21 0.70 52.36 0.27 25.25 0.1311 193 2264548
313 12.26 0.19 0.29 11.46 0.32 25.25 0.6429 193 2188503
314 41.65 0.15 0.34 40.86 0.30 20.33 0.1473 193 2185261
315 8.87 0.06 0.28 8.27 0.26 20.33 0.5002 193 2145857
316 52.67 0.13 0.30 51.96 0.28 26.75 0.1066 193 2128875
317 13.69 0.15 0.30 12.93 0.30 26.75 0.6324 193 1997015
318 16.39 0.07 0.33 15.66 0.33 20.59 0.1643 193 1982643
319 49.94 0.13 0.33 49.21 0.28 19.29 0.1970 193 1936993
320 17.39 0.16 0.33 16.74 0.17 19.29 0.5996 193 1893480
321 16.38 0.06 0.42 15.55 0.35 19.48 0.2090 193 1789824
322 40.33 0.15 0.69 39.23 0.26 18.22 0.1968 193 1763033
323 9.73 0.14 0.29 9.06 0.24 18.22 0.4843 193 1729894
324 51.04 0.05 0.25 50.42 0.33 34.87 0.1169 193 1710682
325 16.18 0.06 0.27 15.64 0.21 34.87 0.6129 193 1655417
326 16.05 0.06 0.35 15.33 0.33 25.03 0.1943 193 1630081
327 56.33 0.04 0.27 55.72 0.29 30.78 0.1931 193 1616627
328 8.91 0.14 0.32 8.22 0.23 30.78 0.6763 193 1550403
329 17.13 0.04 0.26 16.48 0.35 17.58 0.1070 193 1539730
330 44.02 0.15 0.31 43.36 0.19 17.13 0.2060 193 1537606
331 6.50 0.04 0.28 5.88 0.30 17.13 0.5284 193 1507266
332 51.89 0.04 0.28 51.30 0.28 24.23 0.0783 193 1499704
333 13.87 0.17 0.31 13.04 0.35 24.23 0.6232 193 1469449
334 17.28 0.10 0.25 16.52 0.41 17.37 0.1667 193 1459658
335 16.71 0.05 0.28 16.04 0.34 18.26 0.2075 193 1458130
336 53.51 0.05 0.30 52.84 0.32 24.88 0.2010 193 1437226
337 12.78 0.15 0.43 11.92 0.28 24.88 0.6425 193 1389551
338 16.68 0.04 0.37 15.97 0.30 20.49 0.1535 193 1352301
339 47.81 0.11 0.27 47.11 0.33 14.96 0.2004 193 1342535
340 21.14 0.07 0.25 20.57 0.25 17.50 0.5741 193 1297249
341 14.66 0.04 0.26 14.04 0.32 17.50 0.2538 193 1265635
342 34.86 0.07 0.57 33.93 0.29 18.39 0.1762 193 1265405
343 15.33 0.08 0.27 14.73 0.26 11.92 0.4187 193 1241464
344 16.54 0.03 0.23 15.90 0.39 11.92 0.1843 193 1240500
345 15.42 0.07 0.51 14.55 0.29 23.99 0.1988 193 1235380
346 18.70 0.05 0.30 17.38 0.97 12.07 0.1852 193 1230342
347 31.54 0.30 1.90 29.07 0.28 12.73 0.2251 193 1229378
348 17.10 0.09 0.36 16.30 0.34 13.13 0.3790 193 1225390
349 16.18 0.10 0.37 15.39 0.32 13.12 0.2054 193 1221550
350 17.17 0.14 0.34 16.39 0.29 12.34 0.1945 193 1215047
351 16.81 0.07 0.37 16.11 0.26 12.05 0.2061 193 1210854
352 16.71 0.18 0.37 15.87 0.29 12.57 0.2021 193 1210854
353 15.49 0.12 0.27 14.81 0.30 11.57 0.2007 193 1209624
354 16.41 0.06 0.29 15.71 0.35 11.16 0.1862 193 1205276
355 16.65 0.17 0.36 15.86 0.26 11.47 0.1973 193 1204816
356 20.24 0.07 0.36 19.49 0.32 11.47 0.2002 193 1197512
357 13.29 0.08 0.43 12.42 0.36 19.57 0.2435 193 1197220
358 16.28 0.09 0.35 15.56 0.28 12.46 0.1597 193 1192892
359 16.74 0.06 0.36 16.05 0.26 12.17 0.1958 193 1187522
360 28.87 0.12 0.26 28.25 0.25 12.11 0.2010 193 1187052
361 5.65 0.08 0.22 4.96 0.39 12.11 0.3468 193 1185479
362 15.56 0.13 0.47 14.72 0.24 12.32 0.0680 193 1181119
363 18.24 0.08 0.20 17.01 0.95 12.05 0.1871 193 1177991
364 31.17 0.36 2.48 28.04 0.29 12.33 0.2197 193 1175069
365 16.90 0.14 0.26 16.22 0.28 11.20 0.3745 193 1163657
366 16.80 0.15 0.22 16.12 0.30 11.08 0.2029 193 1163657
367 16.68 0.13 0.30 15.95 0.29 10.82 0.2020 193 1159817
368 16.39 0.15 0.37 15.56 0.31 10.61 0.2004 193 1155133
369 16.63 0.11 0.22 15.98 0.32 10.60 0.1970 193 1155133
370 16.29 0.16 0.31 15.58 0.25 10.42 0.1998 193 1155133
371 16.77 0.11 0.23 16.17 0.26 10.67 0.1959 193 1154673
372 16.41 0.09 0.19 15.86 0.27 10.71 0.2015 193 1154217
373 16.73 0.09 0.22 16.16 0.26 10.41 0.1971 193 1154111
374 17.01 0.15 0.20 16.36 0.29 10.35 0.2010 193 1150098
375 16.79 0.17 0.23 16.12 0.27 10.20 0.2043 193 1149678
376 16.79 0.08 0.37 16.03 0.31 10.07 0.2018 193 1130792
377 16.55 0.07 0.25 15.86 0.37 9.78 0.2016 193 1130178
378 16.07 0.06 0.28 15.46 0.26 9.91 0.1989 193 1126006
379 16.65 0.10 0.30 15.99 0.26 9.58 0.1930 193 1105860
380 17.04 0.09 0.23 16.39 0.33 9.74 0.2002 193 1093256
381 16.36 0.12 0.32 15.65 0.26 9.77 0.2046 193 1093256
382 16.71 0.12 0.33 15.99 0.27 9.90 0.1966 193 1093256
383 16.55 0.13 0.23 15.94 0.25 9.85 0.2009 193 1093256
384 17.03 0.06 0.20 16.47 0.31 10.21 0.1987 193 1093256
385 16.29 0.13 0.23 15.62 0.32 10.24 0.2047 193 1093328
386 16.46 0.10 0.30 15.83 0.23 10.21 0.1958 193 1092730
387 16.64 0.10 0.27 15.99 0.29 10.13 0.1978 193 1090534
388 16.70 0.09 0.23 16.22 0.15 10.22 0.2000 193 1089287
389 16.34 0.07 0.19 15.84 0.24 10.14 0.2007 193 1089287
390 17.17 0.05 0.17 16.71 0.25 10.58 0.1962 193 1071202
391 16.62 0.10 0.22 15.99 0.30 10.60 0.2064 193 1071202
392 16.82 0.11 0.32 15.97 0.42 10.69 0.1998 193 1071202
393 16.97 0.06 0.27 16.33 0.31 10.81 0.2020 193 1071202
394 16.15 0.15 0.24 15.46 0.31 10.80 0.2040 193 1071202
395 16.87 0.12 0.31 16.22 0.21 11.04 0.1941 193 1071202
396 16.70 0.14 0.29 15.99 0.29 11.23 0.2026 193 1071202
397 16.13 0.06 0.19 15.65 0.23 11.40 0.2006 193 1071202
398 16.68 0.08 0.28 16.03 0.30 10.97 0.1938 193 1071202
399 16.72 0.13 0.32 16.08 0.19 11.03 0.2004 193 1071202
400 16.59 0.09 0.17 15.98 0.35 10.92 0.2010 193 1071052
401 16.99 0.17 0.34 16.15 0.33 11.36 0.1995 193 1071052
402 16.42 0.09 0.23 15.84 0.26 11.11 0.2041 193 1071052
403 17.32 0.15 0.32 16.56 0.30 11.39 0.1975 193 1071052
404 16.18 0.13 0.25 15.48 0.31 11.42 0.2081 193 1071052
405 16.07 0.12 0.27 15.49 0.19 11.73 0.1944 193 1071052
406 17.01 0.09 0.24 16.38 0.30 11.70 0.1931 193 1071128
407 16.84 0.13 0.28 16.11 0.31 11.73 0.2048 193 1071128
408 16.92 0.04 0.21 16.41 0.26 11.90 0.2022 193 1071128
409 16.59 0.06 0.21 16.11 0.21 11.88 0.2033 193 1071128
410 16.47 0.10 0.22 15.84 0.30 11.89 0.1994 193 1071128
411 16.50 0.10 0.21 15.91 0.27 12.63 0.1977 193 1071128
412 16.88 0.10 0.19 16.26 0.32 11.96 0.1984 193 1071128
413 16.72 0.14 0.25 16.06 0.27 12.23 0.2027 193 1071128
414 17.39 0.07 0.21 16.84 0.26 12.23 0.2011 193 1071128
415 16.24 0.11 0.34 15.47 0.32 21.92 0.2088 193 1071128
416 23.96 0.05 0.27 23.33 0.31 10.47 0.1952 193 1071128
417 16.43 0.14 0.33 15.67 0.28 10.89 0.2879 193 1071128
418 16.90 0.12 0.19 16.25 0.35 10.91 0.1973 193 1071128
419 16.21 0.14 0.34 15.47 0.26 11.04 0.2032 193 1071128
420 17.22 0.06 0.18 16.73 0.25 11.02 0.1947 193 1069296
421 16.60 0.16 0.30 15.86 0.29 11.44 0.2071 193 1069372
422 16.72 0.12 0.17 16.14 0.29 11.45 0.1994 193 1069224
423 16.64 0.08 0.18 16.11 0.27 11.23 0.2010 193 932272
424 16.86 0.11 0.22 16.18 0.34 10.89 0.1999 193 932272
425 16.15 0.16 0.32 15.41 0.25 10.97 0.2025 193 931002
426 16.84 0.12 0.23 16.19 0.31 11.07 0.1942 193 929516
427 16.57 0.08 0.28 15.90 0.31 11.12 0.2024 193 929516
428 17.74 0.12 0.24 17.03 0.36 13.20 0.1992 193 929516
429 16.21 0.09 0.19 15.59 0.34 12.75 0.2132 193 929516
430 17.02 0.12 0.24 16.30 0.36 13.41 0.1949 193 929516
431 17.24 0.10 0.31 16.50 0.33 13.35 0.2046 193 929500
432 15.95 0.09 0.58 15.00 0.28 13.71 0.2072 193 929074
433 16.39 0.11 0.30 15.67 0.32 13.84 0.1918 193 928948
434 15.94 0.11 0.22 15.34 0.28 13.67 0.1968 193 928904
435 17.60 0.15 0.26 16.93 0.26 13.71 0.1915 193 925289
436 16.44 0.10 0.18 15.80 0.37 13.71 0.2113 193 925289
437 16.55 0.14 0.31 15.81 0.30 13.81 0.1976 193 925217
438 16.39 0.07 0.24 15.81 0.26 13.91 0.1989 193 925141
439 17.48 0.17 0.34 16.64 0.34 13.69 0.1970 193 925141
440 16.61 0.11 0.28 15.92 0.30 13.69 0.2100 193 925141
441 15.67 0.06 0.34 15.00 0.27 23.67 0.1996 193 925141
442 16.62 0.08 0.21 16.04 0.29 14.07 0.1883 193 925069
443 16.35 0.09 0.18 15.83 0.25 14.65 0.1997 193 924823
444 17.00 0.09 0.21 16.44 0.27 14.29 0.1964 193 924751
445 16.34 0.08 0.22 15.78 0.25 14.28 0.2041 193 924751
446 17.05 0.08 0.21 16.40 0.36 14.45 0.1963 193 921136
447 18.20 0.07 0.30 16.88 0.95 14.02 0.2048 193 921136
448 37.74 0.23 1.43 35.83 0.26 14.31 0.2192 193 919267
449 10.52 0.08 0.17 10.06 0.20 14.31 0.4531 193 901071
450 16.38 0.03 0.17 15.92 0.26 13.72 0.1264 193 901071
451 16.79 0.06 0.28 16.24 0.21 13.44 0.1968 193 901071
452 16.45 0.08 0.18 15.98 0.21 13.70 0.2016 193 882875
453 16.49 0.05 0.17 16.03 0.24 13.51 0.1975 193 870177
454 17.05 0.05 0.30 16.45 0.24 13.22 0.1981 193 870253
455 16.87 0.08 0.29 16.20 0.30 13.30 0.2047 193 869797
456 16.54 0.09 0.37 15.75 0.33 13.45 0.2028 193 869797
457 16.37 0.11 0.28 15.68 0.30 13.43 0.1986 193 869713
458 16.65 0.09 0.17 16.09 0.30 13.54 0.1969 193 869713
459 17.54 0.13 0.28 16.88 0.25 13.55 0.2000 193 865522
460 15.85 0.09 0.31 15.14 0.31 13.43 0.2108 193 865138
461 17.10 0.13 0.29 16.38 0.30 13.43 0.1905 193 864784
462 16.62 0.08 0.01 16.23 0.30 13.09 0.0000 192 864784
463 17.16 0.06 0.01 16.78 0.32 13.11 0.0000 192 864784
464 16.34 0.05 0.01 15.99 0.29 13.26 0.0000 192 864784
465 16.00 0.06 0.01 15.61 0.33 13.18 0.0000 192 864784
466 17.15 0.06 0.01 16.78 0.30 13.21 0.0000 192 864784
467 16.25 0.04 0.00 15.89 0.31 13.38 0.0000 128 864784
468 17.33 0.07 0.01 16.94 0.32 13.20 0.0000 128 864784
469 16.00 0.04 0.18 15.50 0.27 13.31 0.0000 128 864784
470 16.87 0.11 0.01 16.50 0.26 13.33 0.0000 128 864784
471 16.82 0.06 0.00 16.48 0.28 13.27 0.0000 128 864784
472 16.13 0.05 0.01 15.82 0.25 13.27 0.0000 128 864784
473 16.82 0.05 0.01 16.51 0.26 13.35 0.0000 128 864784
474 17.14 0.04 0.01 16.75 0.34 13.35 0.0000 128 864784
475 16.19 0.05 0.01 15.85 0.28 24.18 0.0000 128 864784
476 16.63 0.04 0.00 16.36 0.23 13.64 0.0000 128 864784
477 16.49 0.04 0.00 16.27 0.18 13.56 0.0000 128 864784
478 16.50 0.04 0.00 16.29 0.17 13.50 0.0000 128 864784
479 16.91 0.03 0.00 16.59 0.29 13.35 0.0000 128 864784
480 16.49 0.03 0.00 16.26 0.19 13.15 0.0000 128 864784
481 16.57 0.03 0.01 16.27 0.26 13.44 0.0000 128 864784
482 16.69 0.05 0.01 16.43 0.20 13.42 0.0000 128 864784
483 16.91 0.03 0.00 16.54 0.34 11.84 0.0000 128 864784
484 16.82 0.05 0.01 16.41 0.35 11.66 0.0000 128 864784
485 16.51 0.06 0.01 16.22 0.23 11.78 0.0000 128 864784
486 16.84 0.05 0.00 16.49 0.30 11.86 0.0000 128 864784
487 16.36 0.06 0.01 16.01 0.29 11.80 0.0000 128 864784
488 16.35 0.07 0.01 15.93 0.33 11.77 0.0000 128 864784
489 17.06 0.05 0.01 16.70 0.30 12.52 0.0000 128 864784
490 16.96 0.05 0.01 16.60 0.30 13.34 0.0000 128 864784
491 16.40 0.05 0.01 16.01 0.34 13.14 0.0000 128 864784
492 17.07 0.05 0.01 16.71 0.31 13.26 0.0000 128 864784
493 16.72 0.06 0.01 16.33 0.32 12.36 0.0000 128 864784
494 16.64 0.07 0.01 16.21 0.35 12.28 0.0000 128 864784
495 17.51 0.10 0.01 17.08 0.32 12.75 0.0000 128 864784
496 17.31 0.10 0.01 16.84 0.36 12.75 0.0000 128 864784
497 15.29 0.07 0.01 14.96 0.26 23.06 0.0000 128 864784
498 17.11 0.08 0.01 16.81 0.22 12.69 0.0000 128 864784
499 16.54 0.05 0.01 16.21 0.27 12.98 0.0000 128 864784
500 21.08 0.04 0.01 19.80 1.23 13.62 0.0000 128 864784
501 31.13 0.18 0.02 30.49 0.44 13.85 0.0000 128 864784
502 13.01 0.07 0.01 12.76 0.16 13.85 0.0000 128 864784
503 16.72 0.04 0.00 16.39 0.29 13.27 0.0000 128 864784
504 16.96 0.05 0.01 16.70 0.20 13.53 0.0000 128 864784
505 17.81 0.05 0.01 17.40 0.35 12.24 0.0000 128 864784
506 18.39 0.11 0.01 17.89 0.38 12.24 0.0000 128 864784
507 13.81 0.06 0.01 13.56 0.19 22.78 0.0000 128 864784
508 16.43 0.04 0.01 16.20 0.19 12.48 0.0000 128 864784
509 16.62 0.04 0.00 16.41 0.17 11.79 0.0000 128 864784
510 23.51 0.03 0.16 22.84 0.48 14.04 0.0000 128 865138
511 10.22 0.06 0.50 9.46 0.19 14.04 0.0000 128 865446
512 16.68 0.07 0.18 16.20 0.23 15.88 0.0000 128 861759
513 16.26 0.07 0.25 15.76 0.18 12.00 0.0000 128 861757
514 16.82 0.08 0.16 16.33 0.24 13.24 0.0000 128 861215
515 16.72 0.05 0.16 16.32 0.18 13.87 0.0000 128 840458
516 15.91 0.05 0.20 15.43 0.23 13.62 0.0000 128 804039
517 16.96 0.04 0.22 16.39 0.32 13.17 0.0000 128 811015
518 17.25 0.08 0.26 16.67 0.24 11.75 0.0000 128 761768
519 15.79 0.08 0.19 15.21 0.31 10.51 0.0000 128 749463
520 17.08 0.12 0.21 16.49 0.26 10.16 0.0000 128 249220
521 15.97 0.08 0.12 15.46 0.30 7.51 0.0000 128 199072
522 17.37 0.07 0.21 16.67 0.42 6.07 0.0000 128 175405
523 16.67 0.13 0.18 16.08 0.27 5.96 0.0000 128 175405
524 16.43 0.11 0.19 15.88 0.25 6.45 0.0000 128 174565
525 16.75 0.11 0.17 16.22 0.25 6.97 0.0000 128 174165
526 16.52 0.10 0.15 15.94 0.31 6.54 0.0000 128 174165
527 16.73 0.11 0.20 16.09 0.33 6.47 0.0000 128 192250
528 16.37 0.09 0.15 15.89 0.24 6.31 0.0000 128 191264
529 16.21 0.09 0.13 15.78 0.20 5.95 0.0000 128 194302
530 17.84 0.07 0.12 17.37 0.27 5.75 0.0000 128 194302
531 16.38 0.12 0.17 15.87 0.23 5.72 0.0000 128 194302
532 16.56 0.14 0.01 16.15 0.26 5.78 0.0000 128 194302
533 16.69 0.05 0.14 16.27 0.23 5.75 0.0000 128 194302
534 15.98 0.09 0.17 15.48 0.24 5.64 0.0000 128 194302
535 17.03 0.09 0.17 16.51 0.27 5.64 0.0000 128 352670
536 18.10 0.10 0.14 17.57 0.29 5.96 0.0000 128 357771
537 16.60 0.12 0.17 16.01 0.30 5.80 0.0000 128 362534
538 17.08 0.10 0.13 16.55 0.31 5.28 0.0000 128 363630
539 15.70 0.11 0.20 15.18 0.22 5.18 0.0000 128 448792
540 17.23 0.11 0.13 16.68 0.31 5.45 0.0000 128 451624
541 17.03 0.13 0.01 16.58 0.31 5.64 0.0000 128 451624
542 16.00 0.08 0.01 15.69 0.22 5.69 0.0000 128 451624
543 16.86 0.05 0.00 16.47 0.33 5.66 0.0000 128 451624
544 16.54 0.14 0.01 16.14 0.25 5.63 0.0000 128 451624
545 16.99 0.06 0.01 16.69 0.23 5.60 0.0000 128 451624
546 16.43 0.06 0.01 16.10 0.27 5.65 0.0000 128 451624
547 16.64 0.05 0.01 16.30 0.28 5.63 0.0000 0 451624
548 16.60 0.06 0.01 16.30 0.23 5.64 0.0000 0 451624
549 16.29 0.04 0.01 16.09 0.15 5.68 0.0000 0 451624
550 16.62 0.05 0.01 16.29 0.28 5.73 0.0000 0 451624
551 16.66 0.07 0.01 16.29 0.30 5.60 0.0000 0 451624
552 16.83 0.06 0.01 16.54 0.22 5.60 0.0000 0 451624
553 16.53 0.05 0.01 16.19 0.28 5.49 0.0000 0 451624
554 17.47 0.08 0.01 17.11 0.27 5.49 0.0000 0 451624
555 16.71 0.05 0.01 16.30 0.35 5.35 0.0000 0 451624
556 16.17 0.08 0.01 15.79 0.30 5.70 0.0000 0 451624
557 17.36 0.10 0.00 16.49 0.78 5.77 0.0000 0 451624
558 16.80 0.24 0.02 16.20 0.34 12.59 0.0000 0 451624
559 15.93 0.13 0.01 15.47 0.32 6.34 0.0000 0 451624
560 16.14 0.15 0.02 15.69 0.28 6.91 0.0000 0 451624
561 17.01 0.10 0.01 16.63 0.28 7.26 0.0000 0 451624
562 16.61 0.07 0.01 16.21 0.33 7.61 0.0000 0 451624
563 16.20 0.14 0.01 15.73 0.31 6.90 0.0000 0 451624
564 16.88 0.15 0.15 16.31 0.26 6.22 0.0000 128 515956
565 16.78 0.09 0.21 16.20 0.28 6.15 0.0000 128 536973
566 16.88 0.08 0.21 16.31 0.28 5.97 0.0000 128 540015
567 17.74 0.15 0.24 17.16 0.19 6.10 0.0000 128 600157
568 25.69 0.04 0.19 25.13 0.33 6.10 0.0000 128 1032864
569 39.17 0.19 0.43 38.40 0.16 26.63 0.0000 128 1991805
570 15.27 0.12 0.19 14.72 0.23 26.63 0.0000 128 2801701
571 26.62 0.16 0.22 25.90 0.34 32.94 0.0000 128 2803939
572 73.87 0.13 0.18 73.41 0.15 37.81 0.0000 128 2803547
573 12.29 0.12 0.17 11.70 0.30 37.81 0.0000 128 2803547
574 60.29 0.17 0.21 59.75 0.15 29.24 0.0000 128 2803547
575 3.98 0.12 0.20 3.44 0.21 29.24 0.0000 128 2803547
576 44.13 0.19 0.01 43.73 0.20 17.09 0.0000 128 2803547
577 6.41 0.15 0.01 6.10 0.15 17.09 0.0000 128 2803547
578 40.60 0.15 0.01 40.21 0.22 16.86 0.0000 128 2803547
579 9.33 0.23 0.01 8.86 0.24 16.86 0.0000 128 2803547
580 16.24 0.27 0.01 15.77 0.19 15.39 0.0000 128 2803547
581 17.27 0.20 0.02 16.81 0.25 15.30 0.0000 128 2803547
582 15.90 0.30 0.22 15.11 0.27 15.31 0.0000 128 2818511
583 34.98 0.25 0.27 34.17 0.30 17.01 0.0000 128 2892788
584 16.36 0.19 0.18 15.76 0.23 17.01 0.0000 192 2915382
585 16.55 0.12 0.31 15.87 0.25 17.02 0.0000 192 2897186
586 43.73 0.21 0.01 43.30 0.21 16.25 0.0000 192 2897186
587 5.66 0.13 0.01 5.28 0.25 16.25 0.0000 192 2897186
588 33.34 0.33 0.01 32.73 0.27 16.06 0.0000 192 2897186
589 17.24 0.21 0.01 16.69 0.32 15.49 0.0000 192 2897186
590 15.86 0.29 0.01 15.35 0.21 14.71 0.0000 192 2897186
591 16.60 0.20 0.01 16.18 0.21 14.71 0.0000 192 2897186
592 16.79 0.28 0.01 16.30 0.20 14.56 0.0000 192 2897186
593 16.74 0.14 0.17 16.25 0.17 14.77 0.0000 192 2919903
594 17.28 0.17 0.17 16.62 0.31 14.77 0.0000 192 2905184
595 16.75 0.12 0.19 16.15 0.29 15.09 0.0000 192 2882055
596 32.87 0.35 0.42 31.88 0.22 16.81 0.2013 193 2824349
597 16.34 0.19 0.20 15.76 0.19 16.81 0.3946 193 2783449
598 16.31 0.14 0.19 15.73 0.24 17.62 0.1962 193 2736704
599 16.43 0.16 0.21 15.84 0.21 17.73 0.1958 193 2722162
600 16.92 0.40 0.65 15.62 0.25 17.81 0.1973 193 2698113
601 36.37 0.24 0.24 35.73 0.16 17.63 0.2031 193 2683555
602 13.03 0.12 0.19 12.52 0.20 17.63 0.4366 193 2638905
603 23.06 0.12 0.18 22.10 0.66 17.64 0.1566 193 2629935
604 35.74 0.58 0.78 34.18 0.20 17.40 0.2769 193 2612844
605 8.19 0.22 0.19 7.61 0.17 17.40 0.4290 193 2579209
606 17.09 0.12 0.21 16.58 0.18 17.55 0.0984 193 2569313
607 36.68 0.14 0.23 36.01 0.30 17.49 0.2053 193 2492507
608 13.79 0.11 0.29 13.23 0.15 17.49 0.4403 193 2112158
609 16.63 0.07 0.21 15.79 0.57 17.88 0.1657 193 2087391
610 50.27 0.19 0.26 49.48 0.34 15.99 0.1999 193 2070719
611 19.46 0.09 0.22 18.23 0.92 15.99 0.6034 193 2013812
612 12.32 0.81 1.39 9.83 0.28 21.11 0.2342 193 1999282
613 35.71 0.14 0.31 35.01 0.25 16.38 0.1479 193 1984194
614 14.43 0.19 0.26 13.83 0.15 16.38 0.4287 193 1966483
615 17.54 0.07 0.23 17.04 0.19 18.33 0.1732 193 1952231
616 41.94 0.14 0.40 41.08 0.32 18.50 0.2105 193 1945104
617 6.62 0.12 0.24 6.05 0.21 18.50 0.5035 193 1907363
618 46.88 0.14 0.36 46.20 0.18 27.91 0.0797 193 1886299
619 32.18 0.12 0.23 31.65 0.17 27.80 0.5628 193 1451692
620 5.90 0.04 0.21 5.23 0.43 27.80 0.3863 193 1335979
621 76.49 0.07 0.24 75.99 0.19 32.67 0.0710 193 1335979
622 6.69 0.04 0.23 5.73 0.69 32.67 0.9182 193 1277825
623 48.20 0.12 0.23 47.63 0.21 13.93 0.0805 193 1277825
624 17.72 0.09 0.37 17.08 0.18 14.09 0.5786 193 1229667
625 16.32 0.04 0.22 15.74 0.32 14.09 0.2128 193 1216223
626 45.29 0.13 0.26 44.66 0.24 15.48 0.1962 193 1166859
627 20.00 0.13 0.25 19.32 0.30 14.12 0.5438 193 1121724
628 20.09 0.11 0.38 19.30 0.30 14.12 0.2404 193 1114374
629 14.74 0.09 0.73 13.58 0.34 23.28 0.2414 193 1081291
630 33.61 0.16 0.31 32.86 0.28 13.53 0.1771 193 1064935
631 15.43 0.13 0.24 14.77 0.29 13.24 0.4036 193 1027735
632 17.05 0.17 0.45 16.16 0.28 12.88 0.1855 193 1022178
633 16.77 0.16 0.41 15.92 0.27 12.88 0.2048 193 1017035
634 16.72 0.11 0.43 15.91 0.27 24.09 0.2015 193 1017035
635 15.17 0.14 0.28 14.55 0.19 12.71 0.2010 193 1013707
636 18.58 0.11 0.42 17.87 0.19 12.39 0.1821 193 1010996
637 15.87 0.03 0.25 15.31 0.27 12.60 0.2232 193 998904
638 40.29 0.06 0.27 39.65 0.31 11.56 0.1905 193 997166
639 12.90 0.14 0.26 12.19 0.30 11.56 0.4839 193 977289
640 29.70 0.08 0.51 28.82 0.29 11.12 0.1549 193 977289
641 20.27 0.03 0.25 19.72 0.26 11.12 0.3568 193 962621
642 31.89 0.06 0.45 31.03 0.36 17.35 0.2435 193 925791
643 14.66 0.05 0.38 13.98 0.24 17.35 0.3832 193 917713
644 16.12 0.05 0.37 15.44 0.27 17.60 0.1761 193 917799
645 17.43 0.06 0.37 16.74 0.26 17.00 0.1937 193 953861
646 26.61 0.06 0.39 25.79 0.36 11.88 0.2094 193 974411
647 50.62 0.09 0.58 49.70 0.25 32.62 0.3196 193 978532
648 5.78 0.10 0.24 5.16 0.29 32.62 0.6077 193 963306
649 17.07 0.06 0.37 16.39 0.25 12.03 0.0695 193 957077
650 34.84 0.05 0.38 34.12 0.29 18.28 0.2051 193 960529
651 16.26 0.13 0.42 15.53 0.18 11.01 0.4184 193 1065071
652 16.86 0.03 0.22 16.28 0.33 11.01 0.1953 193 1113358
653 60.33 0.03 0.23 59.76 0.30 28.46 0.2028 193 1129196
654 4.47 0.17 0.36 3.74 0.21 28.46 0.7243 193 1183589
655 34.34 0.09 0.39 33.58 0.29 17.84 0.0538 193 1183589
656 14.73 0.20 0.38 13.90 0.25 17.84 0.4125 193 1200161
657 17.06 0.10 0.49 16.20 0.27 17.59 0.1771 193 1200199
658 16.62 0.11 0.48 15.83 0.20 17.76 0.2049 193 1200557
659 18.40 0.07 0.39 17.04 0.90 17.85 0.1997 193 1194185
660 59.06 0.58 2.43 55.79 0.26 28.44 0.2214 193 1175372
661 6.57 0.16 0.29 5.93 0.19 28.44 0.7091 193 1159034
662 41.05 0.04 0.41 40.37 0.23 23.56 0.0791 193 1147048
663 8.85 0.11 0.48 8.04 0.22 23.56 0.4928 193 1130901
664 16.95 0.06 0.37 16.08 0.44 17.35 0.1064 193 1106283
665 43.39 0.12 0.39 42.63 0.25 17.78 0.2039 193 1102741
666 6.18 0.10 0.48 5.40 0.21 17.78 0.5210 193 927107
667 49.15 0.04 0.27 48.65 0.18 30.73 0.0743 193 922855
668 18.44 0.03 0.22 17.85 0.35 30.73 0.5900 193 852377
669 19.08 0.08 0.48 18.24 0.28 31.16 0.2215 193 833465
670 32.63 0.12 0.31 31.45 0.76 30.19 0.2292 193 786771
671 47.65 0.30 2.33 44.78 0.23 15.63 0.3924 193 786191
672 18.17 0.06 0.24 17.57 0.30 15.63 0.5722 193 760028
673 47.75 0.03 0.26 47.22 0.24 28.77 0.2183 193 760028
674 18.17 0.06 0.34 17.45 0.32 28.77 0.5733 193 691870
675 15.40 0.07 0.34 14.65 0.34 26.36 0.2183 193 660860
676 44.14 0.13 0.44 43.37 0.20 14.12 0.1850 193 660936
677 6.25 0.12 0.24 5.65 0.24 14.12 0.5298 193 653454
678 16.01 0.05 0.36 15.25 0.36 14.03 0.0751 193 653454
679 40.68 0.13 0.40 39.80 0.35 12.65 0.1923 193 630439
680 10.14 0.05 0.40 9.37 0.31 12.65 0.4886 193 652798
681 15.61 0.06 0.50 14.76 0.29 16.73 0.1218 193 651750
682 22.25 0.08 0.54 21.22 0.42 17.13 0.1877 193 656352
683 33.52 0.12 0.74 32.37 0.29 12.73 0.2673 193 655214
684 12.73 0.17 0.40 11.85 0.31 12.73 0.4027 193 645314
685 31.78 0.08 0.51 30.88 0.31 13.27 0.1529 193 622759
686 16.24 0.14 0.41 15.42 0.27 13.34 0.3817 193 622801
687 16.60 0.09 0.27 15.97 0.27 12.47 0.1952 193 622744
688 16.29 0.11 0.40 15.48 0.30 12.95 0.1993 193 652491
689 16.31 0.16 0.24 15.65 0.26 13.75 0.1959 193 651953
690 16.91 0.12 0.42 16.12 0.25 13.80 0.1959 193 660990
691 17.64 0.15 0.42 16.79 0.28 15.37 0.2032 193 656222
692 16.62 0.03 0.22 16.09 0.28 15.37 0.2119 193 656222
693 41.36 0.13 0.32 40.67 0.24 17.35 0.1999 193 656222
694 7.39 0.13 0.37 6.69 0.20 17.35 0.4967 193 655762
695 16.64 0.05 0.39 15.97 0.23 17.00 0.0889 193 655306
696 33.57 0.08 0.39 32.87 0.23 14.96 0.1998 193 652446
697 16.95 0.13 0.25 16.27 0.30 14.39 0.4031 193 641226
698 17.02 0.14 0.37 16.21 0.30 13.94 0.2038 193 641074
699 16.20 0.15 0.39 15.34 0.31 13.30 0.2044 193 621120
700 17.02 0.14 0.39 16.20 0.29 13.30 0.1947 193 613661
701 16.24 0.06 0.40 15.52 0.25 25.17 0.2044 193 613661
702 16.31 0.11 0.52 15.44 0.24 13.09 0.1951 193 610959
703 16.57 0.08 0.42 15.82 0.25 13.09 0.1960 193 610959
704 18.22 0.06 0.27 16.93 0.95 13.25 0.1989 193 588404
705 35.52 0.24 1.89 33.09 0.30 14.78 0.2194 193 570136
706 12.63 0.14 0.35 11.93 0.20 14.78 0.4266 193 569578
707 16.70 0.05 0.34 16.12 0.19 13.94 0.1517 193 545458
708 16.60 0.06 0.33 16.05 0.17 13.95 0.2006 193 545386
709 16.81 0.03 0.23 16.31 0.23 13.78 0.1993 193 543644
710 16.54 0.06 0.30 15.95 0.22 13.75 0.2019 193 543612
711 16.70 0.05 0.35 16.13 0.16 13.99 0.1986 65 542432
712 16.47 0.03 0.19 16.03 0.22 13.68 0.2006 65 542432
713 16.89 0.06 0.01 16.54 0.28 12.32 0.0000 64 542432
714 17.49 0.10 0.01 17.06 0.32 12.28 0.0000 64 542432
715 16.40 0.06 0.01 15.99 0.34 12.24 0.0000 64 542432
716 16.58 0.06 0.01 16.14 0.38 12.27 0.0000 64 542432
717 16.38 0.15 0.01 15.93 0.30 12.30 0.0000 64 542432
718 16.41 0.06 0.01 16.08 0.26 12.20 0.0000 64 542432
719 16.82 0.08 0.01 16.48 0.24 12.29 0.0000 64 542432
720 16.99 0.07 0.01 16.69 0.23 12.38 0.0000 64 542432
721 16.50 0.06 0.01 16.14 0.30 12.27 0.0000 64 542432
722 16.30 0.09 0.01 15.97 0.24 12.21 0.0000 64 542432
723 17.10 0.05 0.01 16.83 0.21 12.21 0.0000 64 542432
724 16.94 0.05 0.01 16.61 0.27 24.08 0.0000 64 542432
725 17.09 0.06 0.01 16.12 0.90 12.23 0.0000 64 542432
726 34.58 0.34 0.05 33.87 0.32 14.16 0.0000 64 542432
727 13.65 0.06 0.01 13.33 0.25 14.16 0.0000 0 542432
728 17.46 0.06 0.01 17.09 0.31 13.33 0.0000 0 542432
729 17.19 0.05 0.01 16.82 0.31 13.40 0.0000 0 542432
730 16.14 0.06 0.01 15.78 0.29 13.09 0.0000 0 542432
731 16.69 0.07 0.01 16.36 0.25 13.14 0.0000 0 542432
732 16.55 0.07 0.01 16.13 0.35 13.27 0.0000 0 542432
733 16.44 0.07 0.01 16.11 0.26 13.39 0.0000 0 542432
734 17.01 0.06 0.01 16.61 0.33 13.24 0.0000 0 542432
735 16.11 0.06 0.01 15.79 0.26 13.30 0.0000 0 542432
736 17.02 0.07 0.03 16.63 0.30 13.35 0.0000 0 542432
737 16.61 0.09 0.36 15.91 0.26 13.22 0.0000 128 542430
738 16.71 0.12 0.24 16.09 0.26 12.81 0.0000 128 543150
739 16.96 0.11 0.29 16.16 0.40 12.80 0.0000 128 549506
740 16.39 0.12 0.64 15.40 0.22 12.80 0.0000 128 548892
741 16.41 0.06 0.40 15.70 0.26 25.20 0.0000 128 571519
742 16.46 0.08 0.38 15.76 0.24 14.53 0.0000 128 589779
743 16.48 0.11 0.35 15.79 0.22 14.61 0.0000 128 591576
744 37.89 0.09 0.34 37.20 0.26 19.53 0.0000 128 598398
745 13.81 0.05 0.38 13.13 0.25 19.53 0.0000 128 608329
746 50.99 0.05 0.34 50.37 0.23 32.47 0.0000 128 645996
747 23.76 0.03 0.30 23.01 0.42 32.47 0.0000 128 731161
748 25.50 0.11 0.70 24.28 0.40 41.99 0.0000 128 786812
749 73.74 0.04 0.29 73.24 0.17 34.27 0.0000 128 912252
750 10.44 0.03 0.23 9.89 0.28 34.27 0.0000 128 1171920
751 75.40 0.05 0.29 74.91 0.16 38.20 0.0000 128 1175322
752 8.19 0.04 0.23 7.57 0.35 38.20 0.0000 128 1241000
753 82.94 0.04 0.26 82.33 0.31 43.23 0.0000 128 1253984
754 15.32 0.05 0.26 14.72 0.29 43.23 0.0000 128 1340452
755 41.00 0.16 0.01 40.51 0.32 20.39 0.0000 128 1340452
756 8.80 0.11 0.01 8.37 0.31 20.39 0.0000 128 1340452
757 49.16 0.10 0.02 48.81 0.23 31.10 0.0000 128 1340452
758 16.63 0.07 0.01 16.31 0.24 31.10 0.0000 0 1340452
759 16.58 0.08 0.01 16.32 0.18 20.52 0.0000 0 1340452
760 16.94 0.07 0.01 16.59 0.27 20.54 0.0000 0 1340452
761 44.83 0.10 0.01 44.42 0.29 20.55 0.0000 0 1340452
762 4.66 0.13 0.01 4.28 0.24 20.55 0.0000 0 1340452
763 43.14 0.09 0.01 42.73 0.31 20.66 0.0000 0 1340452
764 7.55 0.13 0.01 7.19 0.22 20.66 0.0000 0 1340452
765 40.48 0.12 0.01 40.12 0.24 20.60 0.0000 0 1340452
766 8.98 0.07 0.01 8.76 0.14 20.60 0.0000 0 1340452
767 39.39 0.07 0.01 39.00 0.31 20.78 0.0000 0 1340452
768 10.64 0.15 0.03 10.22 0.25 20.78 0.0000 0 1340452
769 16.69 0.08 0.01 16.29 0.31 20.41 0.0000 0 1340452
770 43.33 0.11 0.02 42.92 0.28 20.46 0.0000 0 1340452
771 6.56 0.11 0.01 6.22 0.21 20.46 0.0000 0 1340452
772 41.36 0.09 0.01 41.02 0.24 20.54 0.0000 128 1340452
773 8.59 0.09 0.01 8.22 0.26 20.54 0.0000 128 1340452
774 39.57 0.10 0.44 38.77 0.26 20.21 0.0000 128 1338976
775 10.80 0.16 0.45 9.84 0.34 20.21 0.0000 128 1336902
776 17.64 0.10 0.36 16.83 0.35 20.58 0.0000 128 1433798
777 63.56 0.12 0.38 62.72 0.34 32.27 0.0000 128 1403059
778 19.75 0.07 0.31 19.13 0.24 32.27 0.0000 128 1459213
779 61.23 0.09 0.29 60.69 0.17 41.43 0.0000 128 1478700
780 4.77 0.08 0.26 4.20 0.24 41.43 0.0000 128 1525331
781 60.86 0.17 0.01 60.42 0.25 19.77 0.0000 128 1525331
782 5.30 0.20 0.41 4.50 0.19 19.77 0.0000 128 1582267
783 40.24 0.14 0.01 39.86 0.23 18.30 0.0000 128 1582267
784 16.22 0.17 0.01 15.34 0.70 18.30 0.0000 128 1582267
785 40.82 0.46 0.03 40.10 0.23 20.11 0.0000 128 1582267
786 24.75 0.19 0.27 24.12 0.18 20.28 0.0000 128 1766485
787 13.45 0.13 0.27 12.73 0.32 20.28 0.0000 128 1868862
788 64.79 0.12 0.25 64.24 0.19 31.89 0.0000 128 1868867
789 17.95 0.12 0.27 17.27 0.28 31.89 0.0000 128 1875617
790 40.85 0.24 0.01 40.43 0.17 17.04 0.0000 128 1875617
791 8.52 0.13 0.01 7.96 0.42 17.04 0.0000 128 1875617
792 33.28 0.17 0.01 32.93 0.17 16.26 0.0000 128 1875617
793 22.87 0.13 0.01 22.21 0.53 16.26 0.0000 128 1875617
794 10.54 0.52 0.02 9.70 0.29 22.95 0.0000 128 1875617
795 45.12 0.25 0.01 44.63 0.23 26.72 0.0000 128 1875617
796 3.33 0.23 0.01 2.93 0.17 26.72 0.0000 128 1875617
797 41.03 0.16 0.01 40.54 0.33 15.75 0.0000 128 1875617
798 9.89 0.18 0.01 9.34 0.36 15.75 0.0000 128 1875617
799 16.61 0.26 0.01 16.00 0.34 16.00 0.0000 128 1875617
800 17.47 0.25 0.01 16.97 0.23 15.65 0.0000 128 1875617
801 36.54 0.24 0.01 36.13 0.16 16.98 0.0000 128 1875617
802 12.18 0.15 0.01 11.77 0.25 16.98 0.0000 0 1875617
803 17.82 0.30 0.01 17.21 0.31 17.32 0.0000 0 1875617
804 15.84 0.23 0.01 15.31 0.29 15.67 0.0000 0 1875617
805 16.89 0.15 0.01 16.47 0.26 15.69 0.0000 0 1875617
806 16.53 0.17 0.01 16.17 0.18 15.75 0.0000 0 1875617
807 33.97 0.13 0.01 33.48 0.34 15.62 0.0000 0 1875617
808 23.36 0.17 0.01 22.81 0.37 15.62 0.0000 0 1875617
809 9.02 0.34 0.01 8.47 0.21 23.52 0.0000 0 1875617
810 33.74 0.16 0.01 33.40 0.18 15.49 0.0000 0 1875617
811 17.21 0.15 0.01 16.67 0.38 15.49 0.0000 0 1875617
812 16.83 0.32 0.01 16.18 0.31 26.80 0.0000 0 1875617
813 33.68 0.26 0.02 33.23 0.18 15.33 0.0000 0 1875617
814 16.16 0.14 0.01 15.76 0.25 15.33 0.0000 0 1875617
815 33.08 0.25 0.01 32.62 0.19 15.37 0.0000 0 1875617
816 17.17 0.15 0.01 16.62 0.39 15.37 0.0000 128 1875617
817 32.42 0.24 0.01 31.98 0.18 15.51 0.0000 128 1875617
818 17.33 0.18 0.28 16.59 0.27 15.51 0.0000 128 1870055
819 33.36 0.25 0.01 32.89 0.20 15.99 0.0000 128 1870055
820 17.96 0.12 0.01 17.06 0.77 15.99 0.0000 128 1870055
821 31.29 0.26 0.01 30.77 0.25 15.69 0.0000 128 1870055
822 16.18 0.20 0.01 15.70 0.28 15.93 0.0000 128 1870055
823 16.66 0.22 0.02 16.17 0.24 15.93 0.0000 128 1870055
824 16.51 0.20 0.01 16.10 0.19 15.89 0.0000 128 1870055
825 17.52 0.16 0.01 17.02 0.33 15.86 0.0000 128 1870055
826 20.80 0.22 0.01 19.36 1.20 15.95 0.0000 128 1870055
827 34.38 1.52 0.05 32.54 0.28 16.13 0.0000 128 1870055
828 11.56 0.21 0.28 10.75 0.31 16.13 0.1032 130 1896059
829 15.56 0.19 0.35 14.71 0.31 16.58 0.0347 130 1896601
830 16.84 0.21 0.26 16.13 0.25 15.88 0.0467 130 1904601
831 24.56 0.20 0.42 23.59 0.34 15.80 0.0506 130 1911027
832 37.13 0.32 0.60 35.91 0.30 16.05 0.0737 130 1909749
833 13.45 0.17 0.61 12.35 0.33 16.05 0.1114 130 1915633
834 35.87 0.44 0.76 34.50 0.18 16.02 0.0404 130 1983393
835 7.07 0.18 0.25 6.29 0.35 16.02 0.1076 130 1980829
836 43.15 0.32 0.52 41.96 0.35 16.58 0.0213 130 1980931
837 13.33 0.20 0.27 12.52 0.34 16.58 0.1295 130 1980745
838 36.23 0.29 0.56 35.11 0.28 16.19 0.0400 130 1980943
839 13.05 0.27 0.25 12.25 0.28 16.19 0.1087 130 1986471
840 36.11 0.28 0.55 35.00 0.28 16.08 0.0392 130 1992661
841 7.03 0.29 0.28 6.21 0.26 16.08 0.1084 130 2000781
842 23.72 0.30 0.55 22.56 0.31 16.27 0.0211 130 2000249
843 37.98 0.33 0.60 36.74 0.30 16.14 0.0712 130 2001032
844 12.77 0.19 0.63 11.66 0.29 16.14 0.1140 130 2006307
845 37.31 0.32 0.56 36.11 0.32 16.31 0.0384 130 2007897
846 12.83 0.20 0.83 11.51 0.29 16.31 0.1120 130 2012821
847 37.79 0.33 0.56 36.63 0.27 16.46 0.0385 130 2012065
848 5.00 0.19 0.27 4.32 0.23 16.46 0.1134 130 2029639
849 46.06 0.20 0.37 45.30 0.19 27.53 0.0150 130 2029639
850 12.26 0.13 0.54 11.30 0.29 27.53 0.1955 134 2037842
851 45.18 0.31 0.69 43.90 0.29 23.60 0.0521 134 2020482
852 13.56 0.19 0.26 12.77 0.34 23.60 0.1917 134 2056388
853 16.65 0.36 0.56 15.49 0.24 16.38 0.0576 134 2056490
854 16.04 0.20 0.30 15.24 0.30 16.54 0.0707 134 2053992
855 42.59 0.14 0.25 42.03 0.17 17.87 0.0681 134 2052112
856 7.37 0.12 0.26 6.74 0.25 17.87 0.1807 134 2047600
857 17.57 0.22 0.50 16.48 0.37 17.87 0.0313 134 2051803
858 46.98 0.23 0.26 46.15 0.34 17.79 0.0528 132 2049660
859 20.71 0.22 0.27 19.87 0.34 17.69 0.1410 132 2027232
860 14.80 0.25 0.39 13.98 0.19 17.69 0.0622 132 2027004
861 16.92 0.18 0.29 16.19 0.26 17.94 0.0444 132 2026512
862 16.09 0.12 0.25 15.54 0.18 17.84 0.0508 132 2025546
863 35.78 0.14 0.31 35.05 0.27 17.93 0.0483 132 2025304
864 14.70 0.24 0.26 13.92 0.27 17.93 0.1074 132 2036989
865 16.70 0.29 0.53 15.63 0.25 18.12 0.0441 132 2034389
866 16.55 0.20 0.27 15.78 0.30 18.32 0.0501 132 2028875
867 37.19 0.22 0.45 36.32 0.21 17.80 0.0497 132 2023545
868 12.33 0.15 0.30 11.63 0.25 17.80 0.1116 132 2015618
869 17.13 0.18 0.27 16.36 0.33 18.16 0.0370 132 2015486
870 18.51 0.25 0.26 17.72 0.28 17.90 0.0514 132 2014230
871 47.47 0.20 0.41 46.54 0.31 28.91 0.0556 132 2009226
872 25.64 0.16 0.01 25.14 0.33 25.12 0.0000 128 2009226
873 8.20 0.35 0.02 7.64 0.20 25.12 0.0000 128 2009226
874 35.70 0.16 0.01 35.27 0.27 16.70 0.0000 128 2009226
875 13.57 0.21 0.01 13.09 0.26 16.70 0.0000 128 2009226
876 17.38 0.21 0.01 16.94 0.22 16.54 0.0000 128 2009226
877 15.83 0.22 0.01 15.25 0.35 16.79 0.0000 128 2009226
878 16.72 0.22 0.01 16.25 0.24 18.13 0.0000 128 2009226
879 39.14 0.20 0.01 38.60 0.33 18.10 0.0000 128 2009226
880 11.65 0.23 0.01 11.15 0.27 18.10 0.0000 128 2009226
881 16.75 0.22 0.01 16.29 0.23 18.74 0.0000 128 2009226
882 34.83 0.24 0.01 34.32 0.26 17.40 0.0000 128 2009226
883 15.33 0.16 0.01 14.80 0.36 17.40 0.0000 128 2009226
884 16.54 0.21 0.01 15.99 0.34 16.80 0.0000 128 2009226
885 15.92 0.41 0.02 15.23 0.26 16.61 0.0000 128 2009226
886 17.14 0.20 0.01 16.59 0.34 16.80 0.0000 128 2009226
887 15.75 0.30 0.01 15.23 0.21 16.58 0.0000 128 2009226
888 36.16 0.16 0.01 35.79 0.19 16.46 0.0000 128 2009226
889 13.78 0.13 0.01 13.38 0.27 16.46 0.0000 128 2009226
890 17.19 0.20 0.01 16.72 0.26 16.82 0.0000 128 2009226
891 20.94 0.18 0.01 20.47 0.28 16.69 0.0000 128 2009226
892 39.84 0.27 0.01 39.31 0.24 18.12 0.0000 128 2009226
893 5.62 0.15 0.01 5.24 0.22 18.12 0.0000 128 2009226
894 37.09 0.18 0.01 36.61 0.29 18.11 0.0000 128 2009226
895 12.69 0.17 0.01 12.25 0.26 18.11 0.0000 128 2009226
896 16.74 0.18 0.01 16.27 0.29 18.38 0.0000 128 2009226
897 34.55 0.18 0.01 34.08 0.28 18.19 0.0000 128 2009226
898 15.79 0.17 0.01 15.39 0.22 18.19 0.0000 128 2009226
899 16.26 0.14 0.01 15.84 0.26 18.22 0.0000 128 2009226
900 16.50 0.22 0.01 16.07 0.20 18.28 0.0000 128 2009226
901 36.43 0.17 0.01 35.95 0.30 18.19 0.0000 128 2009226
902 13.75 0.18 0.01 13.25 0.30 18.19 0.0000 128 2009226
903 16.82 0.31 0.65 15.67 0.19 18.36 0.0413 130 2009454
904 16.36 0.12 0.24 15.82 0.18 18.45 0.0505 130 2010416
905 39.06 0.12 0.26 38.37 0.31 18.22 0.0491 130 2007263
906 11.39 0.14 0.27 10.77 0.22 18.22 0.1172 130 2000767
907 39.00 0.15 0.34 38.19 0.32 18.25 0.0342 130 2008919
908 11.54 0.25 0.24 10.78 0.27 18.25 0.1171 130 2003028
909 16.24 0.14 0.30 15.46 0.35 18.39 0.0346 130 2002234
910 43.85 0.20 0.28 43.19 0.17 18.36 0.0488 130 2002430
911 5.78 0.12 0.25 5.18 0.23 18.36 0.1861 134 1981804
912 38.08 0.18 0.39 37.24 0.27 18.80 0.0246 134 1980112
913 19.46 0.16 0.25 18.70 0.35 18.80 0.1616 134 1969500
914 32.56 0.32 0.63 31.36 0.25 17.68 0.0826 134 1965846
915 17.40 0.14 0.25 16.60 0.41 17.68 0.1382 134 1962073
916 35.39 0.37 0.63 34.14 0.25 18.28 0.0739 134 1980871
917 14.18 0.16 0.26 13.51 0.25 18.28 0.1502 134 1997969
918 55.00 0.23 0.43 54.00 0.33 34.38 0.0602 134 2007021
919 30.40 0.16 0.27 29.76 0.22 26.52 0.1651 132 2054464
920 7.05 0.16 0.28 6.38 0.24 26.52 0.0912 132 2059206
921 46.05 0.21 0.41 45.11 0.32 26.66 0.0212 132 2048972
922 24.11 0.24 0.34 23.24 0.29 20.23 0.1382 132 2017565
923 13.62 0.11 0.26 12.98 0.27 20.23 0.0724 132 2011983
924 49.95 0.20 0.41 49.05 0.29 29.49 0.0409 132 2009839
925 15.95 0.14 0.27 15.22 0.33 29.49 0.1499 132 2026210
926 16.28 0.27 0.30 15.41 0.30 20.23 0.0479 132 2027575
927 47.85 0.18 0.28 46.99 0.41 29.52 0.0489 132 2029113
928 28.89 0.25 0.28 28.03 0.34 18.71 0.1436 132 2023103
929 8.26 0.20 0.33 7.46 0.27 18.71 0.0868 132 2047093
930 64.82 0.11 0.24 64.14 0.32 39.60 0.0248 132 2036120
931 18.01 0.15 0.25 17.39 0.22 39.60 0.1945 132 2081249
932 46.06 0.17 0.37 45.26 0.25 25.24 0.0541 132 2072623
933 31.70 0.22 0.29 30.91 0.29 27.99 0.1383 132 2062046
934 4.95 0.25 0.28 4.13 0.29 27.99 0.0952 132 2057292
935 37.88 0.24 0.49 36.90 0.25 18.04 0.0149 132 2058509
936 12.19 0.18 0.24 11.51 0.27 18.04 0.1137 132 2055295
937 15.64 0.19 0.40 14.85 0.20 18.37 0.0366 132 2055295
938 38.16 0.17 0.35 37.35 0.30 20.10 0.0470 132 2037099
939 13.84 0.24 0.26 13.10 0.24 20.10 0.1146 132 2031192
940 15.79 0.15 0.24 15.03 0.38 20.17 0.0416 132 2031639
941 47.68 0.20 0.27 46.89 0.32 19.04 0.0474 132 2011776
942 19.01 0.22 0.25 18.33 0.20 19.04 0.1432 132 2008946
943 24.90 0.18 0.28 23.92 0.52 26.11 0.0571 132 1993594
944 42.58 0.62 1.11 40.63 0.23 18.81 0.0748 132 2152117
945 15.74 0.18 0.27 14.94 0.36 18.81 0.1279 132 2153715
946 37.43 0.29 0.51 36.33 0.30 19.68 0.0473 132 2158389
947 13.15 0.18 0.27 12.44 0.26 19.68 0.0000 128 2147354
948 47.05 0.23 0.50 46.02 0.30 27.66 0.0000 128 2172129
949 18.93 0.25 0.01 18.43 0.25 27.66 0.0000 128 2172129
950 17.56 0.19 0.01 17.07 0.30 20.52 0.0000 128 2172129
951 14.58 0.18 0.01 14.23 0.16 20.78 0.0000 128 2172129
952 45.37 0.18 0.01 44.97 0.21 20.99 0.0000 128 2172129
953 12.82 0.15 0.67 11.58 0.41 20.99 0.0000 128 2175779
954 44.59 0.38 0.02 43.91 0.28 19.50 0.0000 128 2175779
955 17.05 0.17 0.01 16.54 0.32 19.50 0.0000 128 2175779
956 41.60 0.28 0.56 40.45 0.31 20.45 0.0000 128 2262423
957 5.45 0.18 0.29 4.77 0.21 20.45 0.0000 128 2340715
958 40.06 0.17 0.31 39.41 0.18 19.79 0.0000 128 2335522
959 9.90 0.14 0.01 9.32 0.43 19.79 0.0000 128 2335522
960 38.50 0.21 0.01 37.98 0.30 21.81 0.0000 128 2335522
961 10.99 0.15 0.01 10.63 0.20 21.81 0.0000 128 2335522
962 17.00 0.20 0.01 16.56 0.23 20.37 0.0000 128 2335522
963 41.56 0.20 0.01 41.03 0.31 19.92 0.0000 128 2335522
964 9.11 0.24 0.30 8.24 0.34 19.92 0.0000 128 2352962
965 37.56 0.33 0.02 36.94 0.28 20.49 0.0000 128 2352962
966 14.73 0.22 0.28 13.95 0.28 20.49 0.0000 128 2360469
967 48.41 0.24 0.47 47.30 0.39 22.58 0.0000 128 2480346
968 16.25 0.17 0.29 15.57 0.21 22.58 0.0000 128 2568513
969 16.51 0.16 0.30 15.71 0.34 23.85 0.0000 128 2568513
970 65.56 0.13 0.01 65.12 0.30 22.32 0.0000 128 2568513
971 17.90 0.21 0.28 17.21 0.21 22.32 0.0000 128 2567283
972 44.50 0.18 0.01 44.04 0.27 22.11 0.0000 128 2567283
973 4.32 0.16 0.01 3.97 0.18 22.11 0.0000 128 2567283
974 48.11 0.24 0.02 47.54 0.32 22.37 0.0000 128 2567283
975 26.91 0.24 0.01 26.45 0.21 22.08 0.0000 128 2567283
976 14.78 0.17 0.01 14.29 0.31 22.08 0.0000 128 2567283
977 48.45 0.37 0.02 47.80 0.26 22.27 0.0000 128 2567283
978 13.45 0.17 0.01 12.88 0.39 22.27 0.0000 128 2567283
979 41.94 0.18 0.01 41.51 0.24 24.36 0.0000 128 2567283
980 6.86 0.13 0.01 6.51 0.21 24.36 0.0000 128 2567283
981 48.08 0.16 0.01 47.60 0.30 24.25 0.0000 128 2567283
982 19.20 0.15 0.01 18.77 0.27 24.25 0.0000 128 2567283
983 16.00 0.21 0.01 15.50 0.28 24.43 0.0000 128 2567283
984 48.64 0.28 0.01 47.96 0.38 24.36 0.0000 128 2567283
985 17.41 0.18 0.03 17.01 0.20 24.36 0.0000 128 2567283
986 16.71 0.11 0.01 16.36 0.23 24.66 0.0000 128 2567283
987 50.31 0.20 0.01 49.65 0.45 24.39 0.0000 128 2567283
988 18.15 0.16 0.01 17.73 0.25 24.39 0.0000 128 2567283
989 55.52 0.28 0.01 54.92 0.31 33.45 0.0000 128 2567283
990 13.32 0.25 0.01 12.78 0.27 33.45 0.0000 128 2567283
991 48.72 0.25 0.01 48.16 0.30 22.09 0.0000 128 2567283
992 21.60 0.19 0.01 20.95 0.45 22.09 0.0000 128 2567283
993 40.61 0.46 0.02 39.85 0.28 22.32 0.0000 128 2567283
994 18.79 0.29 0.02 18.25 0.23 22.32 0.0000 128 2567283
995 21.30 0.19 0.01 20.86 0.25 22.51 0.0000 128 2567283
996 52.52 0.27 0.01 51.97 0.28 24.10 0.0000 0 2567283
997 9.47 0.22 0.01 9.04 0.20 24.10 0.0000 0 2567283
998 46.79 0.18 0.01 46.44 0.16 24.16 0.0000 0 2567283
999 28.28 0.14 0.01 27.97 0.15 24.33 0.0000 0 2567283
1000 8.11 0.14 0.01 7.72 0.23 24.33 0.0000 0 2567283
1001 56.57 0.21 0.01 56.18 0.16 33.77 0.0000 0 2567283
1002 10.32 0.12 0.01 9.91 0.28 33.77 0.0000 0 2567283
1003 41.65 0.23 0.01 41.15 0.26 22.16 0.0000 0 2567283
1004 14.71 0.22 0.01 14.19 0.30 22.16 0.0000 0 2567283
1005 50.29 0.32 0.01 49.69 0.26 24.17 0.0000 0 2567283
1006 9.26 0.21 0.01 8.85 0.20 24.17 0.0000 0 2567283
1007 43.66 0.22 0.01 43.17 0.26 22.76 0.0000 0 2567283
1008 13.66 0.19 0.01 13.04 0.43 22.76 0.0000 0 2567283
1009 59.75 0.46 0.02 58.98 0.29 32.78 0.0000 0 2567283
1010 17.35 0.15 0.01 16.99 0.20 32.78 0.0000 0 2567283
1011 15.93 0.20 0.01 15.51 0.21 23.71 0.0000 0 2567283
1012 49.57 0.17 0.01 49.15 0.25 24.24 0.0000 0 2567283
1013 24.66 0.21 0.01 23.89 0.55 24.24 0.0000 0 2567283
1014 42.00 0.58 0.02 41.19 0.21 24.62 0.0000 0 2567283
1015 17.51 0.13 0.01 17.10 0.27 24.62 0.0000 0 2567283
1016 16.23 0.32 0.02 15.67 0.22 24.51 0.0000 0 2567283
1017 49.69 0.17 0.01 49.23 0.28 24.26 0.0000 0 2567283
1018 17.86 0.22 0.01 17.34 0.29 24.26 0.0000 0 2567283
1019 16.49 0.29 0.02 15.91 0.29 24.37 0.0000 0 2567283
1020 49.06 0.22 0.01 48.44 0.39 24.27 0.0000 0 2567283
1021 16.90 0.20 0.01 16.45 0.23 24.27 0.0000 0 2567283
1022 16.91 0.23 0.01 16.43 0.25 24.35 0.0000 0 2567283
1023 47.29 0.23 0.01 46.72 0.34 22.39 0.0000 0 2567283
1024 18.81 0.28 0.01 18.24 0.27 22.39 0.0000 0 2567283
1025 21.18 0.17 0.01 20.65 0.35 22.46 0.0000 0 2567283
1026 59.50 0.36 0.02 58.91 0.21 33.46 0.0000 0 2567283
1027 28.76 0.25 0.01 28.23 0.27 24.42 0.0000 0 2567283
1028 14.31 0.17 0.02 13.80 0.31 24.42 0.0000 0 2567283
1029 52.51 0.37 0.02 51.88 0.24 24.25 0.0000 0 2567283
1030 7.58 0.15 0.01 7.19 0.23 24.25 0.0000 0 2567283
1031 47.70 0.24 0.01 47.17 0.27 24.24 0.0000 0 2567283
1032 19.24 0.21 0.01 18.78 0.24 24.24 0.0000 0 2567283
1033 16.74 0.21 0.01 16.28 0.24 24.29 0.0000 0 2567283
1034 47.68 0.21 0.01 47.17 0.29 24.49 0.0000 0 2567283
1035 18.97 0.30 0.02 18.43 0.22 24.49 0.0000 0 2567283
1036 15.92 0.20 0.01 15.52 0.19 24.64 0.0000 0 2567283
1037 48.52 0.15 0.02 48.10 0.24 24.45 0.0000 0 2567283
1038 18.19 0.21 0.01 17.74 0.23 24.45 0.0000 0 2567283
1039 16.16 0.14 0.01 15.83 0.18 24.64 0.0000 0 2567283
1040 60.05 0.14 0.01 59.65 0.25 35.52 0.0000 0 2567283
1041 7.61 0.14 0.01 7.23 0.23 35.52 0.0000 0 2567283
1042 47.94 0.19 0.01 47.47 0.27 23.91 0.0000 0 2567283
1043 24.51 0.24 0.01 23.68 0.57 23.91 0.0000 0 2567283
1044 41.89 0.59 0.03 41.03 0.25 24.65 0.0000 0 2567283
1045 25.25 0.21 0.01 24.49 0.54 24.65 0.0000 0 2567283
1046 41.50 0.63 0.03 40.66 0.17 24.90 0.0000 0 2567283
1047 18.82 0.13 0.01 18.44 0.24 24.90 0.0000 0 2567283
1048 16.07 0.20 0.01 15.65 0.21 24.47 0.0000 0 2567283
1049 48.51 0.18 0.01 48.03 0.30 24.32 0.0000 0 2567283
1050 17.90 0.21 0.02 17.49 0.19 24.32 0.0000 0 2567283
1051 16.84 0.12 0.01 16.53 0.18 24.39 0.0000 0 2567283
1052 49.07 0.14 0.01 48.67 0.26 24.21 0.0000 0 2567283
1053 18.50 0.15 0.01 18.04 0.30 24.21 0.0000 0 2567283
1054 15.59 0.18 0.01 15.20 0.19 24.55 0.0000 0 2567283
1055 49.21 0.16 0.01 48.79 0.25 24.38 0.0000 0 2567283
1056 23.90 0.22 0.01 22.86 0.80 24.38 0.0000 0 2567283
1057 43.12 0.66 0.03 42.13 0.30 24.61 0.0000 0 2567283
1058 18.61 0.23 0.01 18.02 0.35 24.61 0.0000 0 2567283
1059 21.49 0.34 0.01 20.86 0.27 23.09 0.0000 0 2567283
1060 48.40 0.26 0.01 47.83 0.29 22.01 0.0000 0 2567283
1061 12.10 0.15 0.01 11.67 0.27 22.01 0.0000 0 2567283
1062 41.77 0.32 0.02 41.13 0.29 24.16 0.0000 0 2567283
1063 7.79 0.27 0.01 7.34 0.17 24.16 0.0000 0 2567283
1064 47.43 0.12 0.01 46.98 0.32 24.35 0.0000 0 2567283
1065 19.91 0.35 0.02 19.32 0.23 24.35 0.0000 0 2567283
1066 16.07 0.23 0.01 15.64 0.19 24.50 0.0000 0 2567283
1067 48.17 0.20 0.01 47.63 0.33 24.17 0.0000 0 2567283
1068 18.54 0.23 0.02 18.05 0.25 24.17 0.0000 0 2567283
1069 17.09 0.23 0.01 16.58 0.26 24.33 0.0000 0 2567283
1070 47.13 0.27 0.01 46.53 0.32 24.03 0.0000 0 2567283
1071 29.28 0.23 0.01 28.68 0.36 24.27 0.0000 0 2567283
1072 6.83 0.21 0.01 6.35 0.25 24.27 0.0000 0 2567283
1073 48.20 0.20 0.01 47.68 0.30 24.13 0.0000 0 2567283
1074 18.83 0.25 0.01 18.34 0.23 24.13 0.0000 0 2567283
1075 15.81 0.16 0.01 15.43 0.20 24.44 0.0000 0 2567283
1076 47.91 0.17 0.01 47.38 0.35 24.17 0.0000 0 2567283
1077 29.10 0.21 0.01 28.62 0.26 24.38 0.0000 0 2567283
1078 6.14 0.16 0.01 5.75 0.22 24.38 0.0000 0 2567283
1079 49.03 0.17 0.01 48.56 0.29 24.47 0.0000 0 2567283
1080 18.06 0.21 0.02 17.56 0.27 24.47 0.0000 0 2567283
1081 16.76 0.19 0.01 16.34 0.23 24.59 0.0000 0 2567283
1082 48.75 0.17 0.01 48.29 0.28 24.02 0.0000 0 2567283
1083 17.93 0.26 0.01 17.41 0.25 24.02 0.0000 0 2567283
1084 16.73 0.24 0.01 16.26 0.22 24.42 0.0000 0 2567283
1085 23.60 0.18 0.01 23.17 0.24 24.37 0.0000 0 2567283
1086 52.68 0.22 0.01 52.13 0.32 24.38 0.0000 0 2567283
1087 12.88 0.28 0.01 11.93 0.66 24.38 0.0000 0 2567283
1088 55.22 0.73 0.03 54.29 0.17 24.36 0.0000 0 2567283
1089 4.89 0.12 0.01 4.58 0.18 24.36 0.0000 0 2567283
1090 50.76 0.14 0.01 50.33 0.29 24.31 0.0000 0 2567283
1091 16.30 0.15 0.01 15.96 0.18 24.31 0.0000 0 2567283
1092 16.27 0.16 0.01 15.85 0.25 24.43 0.0000 0 2567283
1093 50.63 0.14 0.01 50.19 0.29 24.27 0.0000 0 2567283
1094 16.91 0.23 0.01 16.39 0.28 24.27 0.0000 0 2567283
1095 16.01 0.17 0.01 15.54 0.30 24.24 0.0000 0 2567283
1096 45.38 0.35 0.01 44.80 0.22 22.11 0.0000 0 2567283
1097 4.38 0.26 0.02 3.90 0.20 22.11 0.0000 0 2567283
1098 47.58 0.16 0.01 47.07 0.35 22.29 0.0000 0 2567283
1099 19.06 0.26 0.01 18.58 0.19 22.29 0.0000 0 2567283
1100 17.66 0.21 0.01 17.15 0.29 24.48 0.0000 0 2567283
1101 42.51 0.28 0.01 42.03 0.19 22.20 0.0000 0 2567283
1102 8.69 0.13 0.01 8.13 0.42 22.20 0.0000 0 2567283
1103 52.73 0.37 0.02 52.04 0.30 22.14 0.0000 0 2567283
1104 14.93 0.18 0.01 14.49 0.25 22.14 0.0000 0 2567283
1105 47.96 0.25 0.01 47.39 0.32 22.10 0.0000 0 2567283
1106 15.66 0.27 0.01 15.19 0.19 22.10 0.0000 0 2567283
1107 16.18 0.15 0.01 15.84 0.18 22.37 0.0000 0 2567283
1108 48.61 0.14 0.01 48.26 0.20 24.11 0.0000 0 2567283
1109 28.55 0.25 0.02 27.92 0.37 24.32 0.0000 0 2567283
1110 7.22 0.32 0.01 6.50 0.39 24.32 0.0000 0 2567283
1111 45.35 0.31 0.02 44.71 0.32 22.36 0.0000 0 2567283
1112 36.50 0.18 0.01 35.99 0.33 33.06 0.0000 0 2567283
1113 18.48 0.26 0.01 17.90 0.30 33.06 0.0000 0 2567283
1114 23.09 0.25 0.01 22.51 0.32 22.77 0.0000 0 2567283
1115 46.84 0.31 0.01 46.30 0.20 22.30 0.0000 0 2567283
1116 19.19 0.14 0.01 18.49 0.55 22.30 0.0000 0 2567283
1117 42.05 0.57 0.03 41.20 0.26 22.16 0.0000 0 2567283
1118 18.15 0.24 0.01 17.68 0.22 22.16 0.0000 0 2567283
1119 45.76 0.18 0.01 45.28 0.30 23.45 0.0000 0 2567283
1120 29.06 0.27 0.01 28.53 0.25 24.33 0.0000 0 2567283
1121 7.75 0.23 0.01 7.28 0.23 24.33 0.0000 0 2567283
1122 48.41 0.20 0.01 47.87 0.33 24.49 0.0000 0 2567283
1123 18.48 0.28 0.01 17.99 0.19 24.49 0.0000 0 2567283
1124 22.62 0.15 0.01 21.96 0.50 24.88 0.0000 0 2567283
1125 52.96 0.54 0.02 52.16 0.24 22.79 0.0000 0 2567283
1126 8.33 0.18 0.01 7.90 0.24 22.79 0.0000 0 2567283
1127 43.47 0.26 0.01 43.01 0.20 22.30 0.0000 0 2567283
1128 6.20 0.13 0.01 5.81 0.25 22.30 0.0000 0 2567283
1129 45.98 0.24 0.01 45.46 0.26 22.56 0.0000 0 2567283
1130 26.15 0.22 0.01 25.64 0.28 22.14 0.0000 0 2567283
1131 10.69 0.15 0.01 10.29 0.23 22.14 0.0000 0 2567283
1132 41.01 0.13 0.01 40.64 0.23 22.28 0.0000 0 2567283
1133 9.59 0.15 0.01 9.07 0.36 22.28 0.0000 0 2567283
1134 43.27 0.20 0.01 42.76 0.29 23.92 0.0000 0 2567283
1135 6.55 0.13 0.01 6.17 0.23 23.92 0.0000 0 2567283
1136 49.16 0.21 0.01 48.68 0.26 24.31 0.0000 0 2567283
1137 25.62 0.15 0.01 24.94 0.53 24.31 0.0000 0 2567283
1138 41.96 0.46 0.02 41.18 0.29 24.39 0.0000 0 2567283
1139 16.57 0.17 0.01 16.20 0.19 24.39 0.0000 0 2567283
1140 16.81 0.14 0.01 16.44 0.22 24.32 0.0000 0 2567283
1141 48.60 0.16 0.01 48.11 0.32 24.11 0.0000 0 2567283
1142 18.48 0.16 0.08 17.96 0.28 24.11 0.0000 0 2567283
1143 15.36 0.23 0.01 14.94 0.18 23.25 0.0000 0 2567283
1144 43.97 0.14 0.01 43.52 0.30 22.60 0.0000 0 2567283
1145 12.87 0.26 0.01 12.06 0.54 22.60 0.0000 0 2567283
1146 51.87 0.75 0.02 50.81 0.29 24.22 0.0000 0 2567283
1147 7.92 0.24 0.01 7.45 0.21 24.22 0.0000 0 2567283
1148 47.49 0.17 0.01 47.09 0.22 23.47 0.0000 0 2567283
1149 38.01 0.12 0.01 37.52 0.35 34.03 0.0000 0 2567283
1150 20.56 0.25 0.01 19.93 0.36 34.03 0.0000 0 2567283
1151 41.56 0.24 0.02 41.11 0.20 22.17 0.0000 0 2567283
1152 39.71 0.13 0.02 39.25 0.32 35.47 0.0000 0 2567283
1153 13.73 0.19 0.01 13.15 0.38 35.47 0.0000 0 2567283
1154 41.69 0.17 0.01 41.22 0.29 24.37 0.0000 0 2567283
1155 7.65 0.18 0.01 7.18 0.28 24.37 0.0000 0 2567283
1156 48.11 0.21 0.01 47.56 0.33 24.17 0.0000 0 2567283
1157 28.36 0.16 0.01 27.92 0.26 24.04 0.0000 0 2567283
1158 7.01 0.16 0.01 6.61 0.23 24.04 0.0000 0 2567283
1159 48.16 0.17 0.01 47.70 0.28 24.55 0.0000 0 2567283
1160 25.81 0.22 0.02 25.10 0.47 24.55 0.0000 0 2567283
1161 40.95 0.48 0.02 40.15 0.30 24.48 0.0000 0 2567283
1162 18.86 0.17 0.01 18.45 0.23 24.48 0.0000 0 2567283
1163 16.03 0.19 0.01 15.59 0.24 24.41 0.0000 0 2567283
1164 45.90 0.17 0.01 45.42 0.30 22.60 0.0000 0 2567283
1165 26.42 0.23 0.01 26.00 0.17 22.38 0.0000 0 2567283
1166 11.35 0.13 0.01 10.99 0.22 22.38 0.0000 0 2567283
1167 32.82 0.14 0.01 32.44 0.23 22.60 0.0000 0 2567283
1168 21.33 0.18 0.01 20.85 0.30 22.35 0.0000 0 2567283
1169 49.57 0.26 0.01 49.00 0.30 22.99 0.0000 0 2567283
1170 12.58 0.20 0.01 12.18 0.19 22.99 0.0000 0 2567283
1171 43.50 0.12 0.01 43.06 0.31 24.27 0.0000 0 2567283
1172 6.50 0.25 0.01 5.91 0.34 24.27 0.0000 0 2567283
1173 48.83 0.31 0.01 48.18 0.33 24.33 0.0000 0 2567283
1174 25.71 0.31 0.01 24.84 0.54 24.33 0.0000 0 2567283
1175 40.79 0.46 0.02 40.00 0.31 24.33 0.0000 0 2567283
1176 25.45 0.22 0.01 24.72 0.51 24.33 0.0000 0 2567283
1177 39.22 0.46 0.02 38.51 0.22 22.69 0.0000 0 2567283
1178 26.40 0.16 0.01 25.94 0.30 22.29 0.0000 0 2567283
1179 10.20 0.22 0.01 9.57 0.39 22.29 0.0000 0 2567283
1180 41.90 0.21 0.02 41.40 0.29 22.34 0.0000 0 2567283
1181 7.52 0.16 0.01 7.12 0.23 22.34 0.0000 0 2567283
1182 48.82 0.20 0.01 48.39 0.22 24.32 0.0000 0 2567283
1183 18.20 0.20 0.02 17.64 0.35 24.32 0.0000 0 2567283
1184 24.01 0.34 0.02 23.38 0.28 24.40 0.0000 0 2567283
1185 49.84 0.28 0.01 49.33 0.22 22.03 0.0000 0 2567283
1186 10.06 0.17 0.01 9.36 0.52 22.03 0.0000 0 2567283
1187 41.30 0.31 0.01 40.65 0.33 22.43 0.0000 0 2567283
1188 8.11 0.15 0.01 7.73 0.22 22.43 0.0000 0 2567283
1189 48.05 0.13 0.01 47.55 0.36 24.36 0.0000 0 2567283
1190 27.81 0.20 0.01 27.26 0.33 24.20 0.0000 0 2567283
1191 14.67 0.21 0.01 14.02 0.42 24.20 0.0000 0 2567283
1192 50.51 0.45 0.02 49.77 0.28 22.20 0.0000 0 2567283
1193 8.83 0.17 0.01 8.30 0.35 22.20 0.0000 0 2567283
1194 42.54 0.19 0.01 42.14 0.20 22.44 0.0000 0 2567283
1195 6.94 0.16 0.01 6.56 0.21 22.44 0.0000 0 2567283
1196 46.72 0.15 0.01 46.25 0.32 24.26 0.0000 0 2567283
1197 28.43 0.21 0.01 27.93 0.28 24.38 0.0000 0 2567283
1198 14.68 0.26 0.01 13.76 0.65 24.38 0.0000 0 2567283
1199 51.59 0.59 0.03 50.66 0.32 24.29 0.0000 0 2567283
1200 8.63 0.26 0.01 8.13 0.22 24.29 0.0000 0 2567283
1201 48.18 0.18 0.01 47.76 0.23 24.78 0.0000 0 2567283
1202 19.36 0.29 0.02 18.82 0.23 24.78 0.0000 0 2567283
1203 15.95 0.16 0.01 15.59 0.20 24.53 0.0000 0 2567283
1204 48.12 0.16 0.01 47.65 0.30 24.37 0.0000 0 2567283
1205 28.80 0.23 0.02 28.37 0.18 24.10 0.0000 0 2567283
1206 7.53 0.12 0.01 7.07 0.34 24.10 0.0000 0 2567283
1207 48.87 0.33 0.02 48.29 0.24 24.24 0.0000 0 2567283
1208 18.19 0.18 0.02 17.72 0.27 24.24 0.0000 0 2567283
1209 15.56 0.19 0.02 15.09 0.26 24.36 0.0000 0 2567283
1210 49.20 0.20 0.01 48.81 0.18 24.15 0.0000 0 2567283
1211 17.93 0.12 0.01 17.46 0.35 24.15 0.0000 0 2567283
1212 16.42 0.29 0.02 15.86 0.26 24.30 0.0000 0 2567283
1213 47.95 0.20 0.01 47.45 0.28 24.18 0.0000 0 2567283
1214 18.99 0.24 0.01 18.44 0.30 24.18 0.0000 0 2567283
1215 16.15 0.20 0.01 15.68 0.26 24.31 0.0000 0 2567283
1216 44.56 0.23 0.01 44.14 0.17 22.31 0.0000 0 2567283
1217 5.35 0.12 0.01 4.91 0.31 22.31 0.0000 0 2567283
1218 46.16 0.32 0.02 45.56 0.26 22.08 0.0000 0 2567283
1219 39.55 0.14 0.02 39.10 0.28 35.39 0.0000 0 2567283
1220 21.11 0.21 0.01 20.39 0.50 35.39 0.0000 0 2567283
1221 44.85 0.48 0.02 44.07 0.29 23.87 0.0000 0 2567283
1222 15.35 0.22 0.02 14.91 0.20 23.87 0.0000 0 2567283
1223 15.86 0.17 0.01 15.41 0.27 24.49 0.0000 0 2567283
1224 52.27 0.17 0.01 51.75 0.34 24.11 0.0000 0 2567283
1225 14.73 0.17 0.01 14.30 0.25 24.11 0.0000 0 2567283
1226 16.22 0.21 0.01 15.75 0.25 24.73 0.0000 0 2567283
1227 53.00 0.13 0.01 52.62 0.25 24.34 0.0000 0 2567283
1228 14.30 0.14 0.01 13.93 0.21 24.34 0.0000 0 2567283
1229 50.90 0.18 0.01 50.48 0.23 33.73 0.0000 0 2567283
1230 16.37 0.14 0.01 15.90 0.32 33.73 0.0000 0 2567283
1231 15.77 0.26 0.01 15.25 0.25 22.52 0.0000 0 2567283
1232 43.87 0.23 0.01 43.33 0.30 22.10 0.0000 0 2567283
1233 6.01 0.22 0.01 5.53 0.26 22.10 0.0000 0 2567283
1234 48.31 0.23 0.01 47.78 0.29 24.35 0.0000 0 2567283
1235 18.11 0.24 0.01 17.65 0.20 24.35 0.0000 0 2567283
1236 45.85 0.15 0.01 45.51 0.18 25.14 0.0000 0 2567283
1237 11.30 0.13 0.01 10.78 0.37 25.14 0.0000 0 2567283
1238 63.91 0.33 0.02 63.29 0.27 35.06 0.0000 0 2567283
1239 12.34 0.25 0.01 11.77 0.31 35.06 0.0000 0 2567283
1240 44.18 0.15 0.01 43.71 0.30 24.42 0.0000 0 2567283
1241 5.69 0.19 0.01 5.14 0.34 24.42 0.0000 0 2567283
1242 50.13 0.30 0.02 49.59 0.22 24.15 0.0000 0 2567283
1243 24.57 0.14 0.01 23.92 0.50 24.15 0.0000 0 2567283
1244 38.77 0.48 0.02 37.97 0.30 22.56 0.0000 0 2567283
1245 37.89 0.12 0.01 37.40 0.36 33.27 0.0000 0 2567283
1246 16.06 0.16 0.01 15.70 0.19 33.27 0.0000 0 2567283
1247 22.46 0.15 0.01 21.65 0.65 23.19 0.0000 0 2567283
1248 54.04 0.59 0.03 53.11 0.31 24.25 0.0000 0 2567283
1249 6.00 0.21 0.01 5.55 0.24 24.25 0.0000 0 2567283
1250 49.73 0.19 0.01 49.23 0.30 24.24 0.0000 0 2567283
1251 18.28 0.39 0.01 17.60 0.28 24.24 0.0000 0 2567283
1252 15.45 0.22 0.01 14.93 0.29 24.28 0.0000 0 2567283
1253 48.75 0.26 0.01 48.19 0.28 24.19 0.0000 0 2567283
1254 17.89 0.26 0.01 17.37 0.25 24.19 0.0000 0 2567283
1255 16.56 0.33 0.02 15.99 0.22 24.54 0.0000 0 2567283
1256 49.22 0.18 0.01 48.79 0.24 24.12 0.0000 0 2567283
1257 18.27 0.15 0.01 17.78 0.33 24.12 0.0000 0 2567283
1258 15.76 0.23 0.01 15.31 0.22 24.48 0.0000 0 2567283
1259 48.66 0.18 0.01 48.16 0.30 24.19 0.0000 0 2567283
1260 24.16 0.25 0.01 22.63 1.26 24.19 0.0000 0 2567283
1261 42.57 0.70 0.03 41.53 0.31 24.73 0.0000 0 2567283
1262 24.26 0.21 0.01 23.46 0.58 24.73 0.0000 0 2567283
1263 42.31 0.57 0.03 41.47 0.23 24.33 0.0000 0 2567283
1264 25.00 0.13 0.01 24.31 0.54 24.33 0.0000 0 2567283
1265 42.71 0.57 0.02 41.79 0.33 24.84 0.0000 0 2567283
1266 17.06 0.15 0.01 16.65 0.25 24.84 0.0000 0 2567283
1267 16.19 0.25 0.01 15.71 0.22 24.59 0.0000 0 2567283
1268 48.19 0.20 0.01 47.68 0.30 22.70 0.0000 0 2567283
1269 26.20 0.27 0.01 25.64 0.28 22.09 0.0000 0 2567283
1270 9.41 0.21 0.02 8.85 0.34 22.09 0.0000 0 2567283
1271 41.87 0.22 0.01 41.41 0.24 22.10 0.0000 0 2567283
1272 13.42 0.14 0.01 12.65 0.62 22.10 0.0000 0 2567283
1273 51.83 0.60 0.03 50.93 0.27 24.15 0.0000 0 2567283
1274 9.88 0.15 0.01 9.36 0.36 24.15 0.0000 0 2567283
1275 45.47 0.25 0.01 44.90 0.30 24.42 0.0000 0 2567283
1276 28.25 0.20 0.01 27.72 0.32 24.16 0.0000 0 2567283
1277 9.13 0.21 0.01 8.65 0.26 24.16 0.0000 0 2567283
1278 46.71 0.21 0.01 46.17 0.31 24.37 0.0000 0 2567283
1279 29.62 0.19 0.01 29.13 0.29 24.32 0.0000 0 2567283
1280 7.24 0.15 0.01 6.81 0.27 24.32 0.0000 0 2567283
1281 48.25 0.23 0.01 47.81 0.21 24.10 0.0000 0 2567283
1282 18.34 0.14 0.01 17.92 0.26 24.10 0.0000 0 2567283
1283 15.64 0.36 0.01 15.05 0.21 24.42 0.0000 0 2567283
1284 48.63 0.17 0.01 47.95 0.50 24.34 0.0000 0 2567283
1285 28.94 0.15 0.02 28.50 0.26 24.53 0.0000 0 2567283
1286 12.83 0.21 0.01 12.03 0.58 24.53 0.0000 0 2567283
1287 54.66 0.59 0.04 53.72 0.31 24.17 0.0000 0 2567283
1288 5.60 0.13 0.01 5.19 0.27 24.17 0.0000 0 2567283
1289 49.45 0.23 0.02 48.90 0.30 24.17 0.0000 0 2567283
1290 17.83 0.23 0.01 17.33 0.26 24.17 0.0000 0 2567283
1291 16.32 0.17 0.01 15.88 0.25 24.69 0.0000 0 2567283
1292 50.37 0.18 0.01 49.84 0.34 24.35 0.0000 0 2567283
1293 16.00 0.16 0.01 15.59 0.24 24.35 0.0000 0 2567283
1294 15.97 0.19 0.01 15.57 0.20 24.39 0.0000 0 2567283
1295 50.75 0.16 0.01 50.31 0.28 23.98 0.0000 0 2567283
1296 17.21 0.18 0.01 16.77 0.25 23.98 0.0000 0 2567283
1297 15.62 0.13 0.01 15.29 0.19 24.52 0.0000 0 2567283
1298 51.23 0.15 0.01 50.88 0.20 24.06 0.0000 0 2567283
1299 16.79 0.25 0.01 16.29 0.24 24.06 0.0000 0 2567283
1300 46.73 0.20 0.01 46.20 0.33 22.24 0.0000 0 2567283
1301 18.76 0.23 0.01 18.23 0.28 22.24 0.0000 0 2567283
1302 17.24 0.19 0.01 16.70 0.35 22.33 0.0000 0 2567283
1303 52.60 0.20 0.01 52.20 0.19 33.43 0.0000 0 2567283
1304 13.67 0.12 0.01 13.32 0.22 33.43 0.0000 0 2567283
1305 24.23 0.18 0.02 23.72 0.31 22.55 0.0000 0 2567283
1306 51.03 0.36 0.02 50.41 0.25 22.14 0.0000 0 2567283
1307 8.40 0.14 0.01 7.94 0.32 22.14 0.0000 0 2567283
1308 44.49 0.30 0.02 43.93 0.25 23.26 0.0000 0 2567283
1309 4.61 0.14 0.02 4.22 0.22 23.26 0.0000 0 2567283
1310 47.69 0.21 0.01 47.18 0.29 22.26 0.0000 0 2567283
1311 19.15 0.27 0.01 18.62 0.26 22.26 0.0000 0 2567283
1312 16.91 0.23 0.01 16.43 0.23 24.26 0.0000 0 2567283
1313 48.21 0.18 0.01 47.74 0.28 24.46 0.0000 0 2567283
1314 18.94 0.22 0.01 18.46 0.25 24.46 0.0000 0 2567283
1315 16.29 0.22 0.01 15.76 0.29 24.57 0.0000 0 2567283
1316 49.06 0.31 0.02 48.45 0.28 24.10 0.0000 0 2567283
1317 25.21 0.22 0.01 24.50 0.49 24.10 0.0000 0 2567283
1318 41.59 0.51 0.02 40.71 0.34 24.78 0.0000 0 2567283
1319 17.14 0.30 0.01 16.66 0.17 24.78 0.0000 0 2567283
1320 17.17 0.14 0.01 16.75 0.27 24.40 0.0000 0 2567283
1321 49.02 0.24 0.03 48.46 0.30 24.24 0.0000 0 2567283
1322 18.21 0.16 0.01 17.69 0.35 24.24 0.0000 0 2567283
1323 15.78 0.25 0.01 15.30 0.22 23.15 0.0000 0 2567283
1324 42.76 0.20 0.01 42.37 0.17 22.16 0.0000 0 2567283
1325 6.34 0.12 0.01 6.02 0.19 22.16 0.0000 0 2567283
1326 45.87 0.19 0.01 45.50 0.18 22.28 0.0000 0 2567283
1327 4.66 0.12 0.01 4.25 0.28 22.28 0.0000 0 2567283
1328 50.38 0.32 0.02 49.71 0.33 24.21 0.0000 0 2567283
1329 16.42 0.20 0.01 15.98 0.23 24.21 0.0000 0 2567283
1330 22.07 0.14 0.01 21.23 0.69 24.56 0.0000 0 2567283
1331 56.93 0.61 0.03 56.01 0.28 24.49 0.0000 0 2567283
1332 12.03 0.16 0.01 11.54 0.32 24.49 0.0000 0 2567283
1333 56.07 0.37 0.01 55.46 0.23 24.59 0.0000 0 2567283
1334 28.09 0.13 0.01 27.77 0.18 24.26 0.0000 128 2567283
1335 7.94 0.13 0.01 7.57 0.24 24.26 0.0000 128 2567283
1336 49.08 0.19 0.01 48.62 0.26 24.30 0.0000 128 2567283
1337 18.04 0.16 0.32 17.36 0.20 24.30 0.0000 128 2547386
1338 16.15 0.17 0.36 15.40 0.23 24.72 0.0000 128 2646845
1339 57.11 0.15 0.34 56.41 0.21 31.27 0.0000 128 2644516
1340 20.17 0.11 0.27 19.43 0.35 31.27 0.0000 128 2608316
1341 69.85 0.27 0.65 68.70 0.24 39.55 0.0000 128 2603794
1342 20.98 0.16 0.28 20.32 0.22 39.55 0.0000 128 2575141
1343 79.02 0.81 2.43 75.51 0.27 39.37 0.0000 128 2528757
1344 34.07 0.14 0.34 33.35 0.24 29.90 0.0000 128 2527197
1345 37.14 0.10 0.27 36.49 0.27 33.01 0.0000 128 2513851
1346 15.05 0.16 0.26 14.36 0.27 33.01 0.0000 128 2498251
1347 16.20 0.18 0.38 15.42 0.23 21.26 0.0000 128 2458618
1348 40.75 0.18 0.49 39.78 0.30 20.51 0.0000 128 2438719
1349 14.07 0.16 0.31 13.33 0.27 20.51 0.0000 128 2400890
1350 47.04 0.19 0.01 46.46 0.38 22.25 0.0000 128 2400890
1351 14.80 0.22 0.01 14.36 0.21 22.25 0.0000 128 2400890
1352 24.45 0.15 0.01 23.98 0.31 20.37 0.0000 128 2400890
1353 40.63 0.25 0.01 40.08 0.29 20.34 0.0000 128 2400890
1354 18.22 0.19 0.01 17.85 0.17 20.34 0.0000 128 2400890
1355 16.98 0.14 0.04 16.53 0.26 20.32 0.0000 128 2400890
1356 23.25 0.12 0.01 22.60 0.52 20.29 0.0000 128 2400890
1357 47.63 0.40 0.02 46.92 0.30 21.83 0.0000 128 2400890
1358 12.41 0.22 0.01 11.94 0.24 21.83 0.0000 128 2400890
1359 39.95 0.13 0.01 39.49 0.31 22.59 0.0000 128 2400890
1360 9.98 0.22 0.01 9.54 0.22 22.59 0.0000 128 2400890
1361 41.18 0.22 0.01 40.67 0.28 22.42 0.0000 128 2400890
1362 8.87 0.18 0.01 8.26 0.41 22.42 0.0000 128 2400890
1363 42.80 0.26 0.02 42.26 0.26 22.54 0.0000 128 2400890
1364 6.97 0.17 0.01 6.52 0.26 22.54 0.0000 128 2400890
1365 45.25 0.22 0.01 44.70 0.32 22.59 0.0000 128 2400890
1366 4.12 0.16 0.01 3.74 0.22 22.59 0.0000 128 2400890
1367 48.11 0.11 0.01 47.63 0.36 22.59 0.0000 128 2400890
1368 18.84 0.21 0.02 18.39 0.22 22.59 0.0000 128 2400890
1369 17.34 0.12 0.01 16.99 0.23 22.29 0.0000 128 2400890
1370 16.96 0.15 0.01 16.57 0.22 20.22 0.0000 128 2400890
1371 42.15 0.12 0.01 41.57 0.44 19.98 0.0000 128 2400890
1372 12.83 0.16 0.01 12.38 0.29 19.98 0.0000 128 2400890
1373 47.77 0.21 0.01 47.23 0.31 22.58 0.0000 128 2400890
1374 13.26 0.12 0.01 12.95 0.19 22.58 0.0000 128 2400890
1375 15.78 0.09 0.01 15.44 0.24 22.74 0.0000 128 2400890
1376 48.79 0.15 0.01 48.07 0.57 22.48 0.0000 128 2400890
1377 35.75 0.16 0.01 35.38 0.21 31.98 0.0000 128 2400890
1378 16.58 0.17 0.01 16.01 0.38 31.98 0.0000 128 2400890
1379 21.67 0.18 0.01 21.19 0.29 20.84 0.0000 128 2400890
1380 55.63 0.17 0.01 55.14 0.32 31.42 0.0000 128 2400890
1381 5.58 0.21 0.01 5.19 0.17 31.42 0.0000 128 2400890
1382 43.27 0.15 0.01 42.87 0.25 22.21 0.0000 128 2400890
1383 6.61 0.16 0.01 6.24 0.20 22.21 0.0000 128 2400890
1384 45.95 0.16 0.01 45.56 0.22 22.60 0.0000 128 2400890
1385 3.20 0.18 0.01 2.89 0.12 22.60 0.0000 128 2400890
1386 48.80 0.17 0.01 48.28 0.35 22.48 0.0000 128 2400890
1387 18.22 0.38 0.01 17.66 0.17 22.48 0.0000 128 2400890
1388 17.40 0.11 0.01 17.11 0.17 22.63 0.0000 128 2400890
1389 42.60 0.12 0.01 42.14 0.34 22.28 0.0000 128 2400890
1390 7.02 0.22 0.01 6.57 0.22 22.28 0.0000 128 2400890
1391 54.02 0.19 0.01 53.34 0.49 31.38 0.0000 128 2400890
1392 15.62 0.22 0.02 15.11 0.27 31.38 0.0000 128 2400890
1393 53.77 0.16 0.01 53.33 0.28 31.17 0.0000 128 2400890
1394 10.53 0.12 0.01 10.23 0.17 31.17 0.0000 128 2400890
1395 36.16 0.14 0.01 35.80 0.22 20.04 0.0000 128 2400890
1396 13.80 0.13 0.01 13.45 0.21 20.04 0.0000 128 2400890
1397 15.85 0.14 0.01 15.51 0.19 22.67 0.0000 128 2400890
1398 47.36 0.11 0.01 46.99 0.25 22.56 0.0000 128 2400890
1399 21.10 0.19 0.01 20.60 0.31 22.56 0.0000 128 2400890
1400 38.75 0.21 0.01 38.26 0.28 20.25 0.0000 128 2400890
1401 9.81 0.12 0.30 9.18 0.21 20.25 0.1164 130 2400050
1402 36.76 0.16 0.27 36.08 0.25 20.10 0.0295 130 2401154
1403 14.81 0.22 0.26 14.09 0.25 20.10 0.1103 130 2401916
1404 45.40 0.19 0.46 44.47 0.29 20.34 0.0445 130 2401588
1405 34.52 0.14 0.26 33.81 0.30 30.58 0.1363 130 2402720
1406 24.09 0.24 0.30 23.40 0.15 20.10 0.1036 130 2402252
1407 10.48 0.10 0.23 9.97 0.17 20.10 0.1023 134 2406791
1408 40.71 0.15 0.29 40.11 0.16 22.91 0.0445 134 2408315
1409 10.73 0.10 0.25 10.05 0.33 22.91 0.1728 134 2435005
1410 61.66 0.09 0.27 61.05 0.24 31.08 0.0456 134 2462658
1411 28.15 0.20 0.25 27.53 0.17 23.04 0.2617 134 2487025
1412 10.50 0.09 0.24 9.89 0.29 23.04 0.1195 134 2510477
1413 61.48 0.09 0.25 60.86 0.28 31.19 0.0446 134 2510447
1414 27.73 0.22 0.27 27.07 0.16 23.55 0.2609 134 2517995
1415 9.55 0.12 0.26 8.89 0.28 23.55 0.1177 134 2525167
1416 44.10 0.10 0.24 43.54 0.23 23.22 0.0406 134 2526329
1417 6.43 0.18 0.40 5.55 0.31 23.22 0.1872 134 2559265
1418 57.62 0.29 0.37 56.81 0.16 33.17 0.0273 134 2559733
1419 9.33 0.13 0.32 8.62 0.26 33.17 0.2445 134 2570086
1420 47.43 0.12 0.25 46.77 0.28 28.21 0.0397 134 2576314
1421 19.72 0.16 0.25 19.04 0.26 28.21 0.2013 134 2603302
1422 56.51 0.15 0.34 55.84 0.18 37.18 0.0837 134 2608931
1423 8.52 0.15 0.27 7.90 0.20 37.18 0.2398 134 2631867
1424 45.18 0.17 0.46 44.29 0.26 23.44 0.0362 134 2649685
1425 13.03 0.28 0.31 12.19 0.25 23.44 0.1918 134 2652506
1426 66.85 0.23 0.51 65.95 0.16 38.65 0.0553 134 2652424
1427 9.07 0.11 0.28 8.40 0.28 38.65 0.2837 134 2685892
1428 83.68 0.13 0.29 82.96 0.32 39.63 0.0385 134 2686742
1429 16.31 0.17 0.39 15.54 0.22 39.63 0.2512 132 2699235
1430 43.34 0.22 0.50 42.28 0.33 20.95 0.0490 132 2704206
1431 6.40 0.28 0.30 5.61 0.21 20.95 0.1301 132 2713758
1432 61.70 0.17 0.40 60.83 0.30 32.78 0.0192 132 2713758
1433 27.88 0.32 0.26 27.04 0.26 23.13 0.1852 132 2720676
1434 9.77 0.24 0.40 8.98 0.15 23.13 0.0837 132 2723376
1435 51.22 0.11 0.24 50.71 0.16 31.24 0.0293 132 2727744
1436 16.23 0.13 0.26 15.56 0.27 31.24 0.1537 132 2736484
1437 43.68 0.23 0.43 42.75 0.27 20.98 0.0487 132 2740876
1438 13.66 0.15 0.28 12.99 0.24 20.98 0.1311 132 2755094
1439 45.84 0.24 0.52 44.84 0.25 21.15 0.0410 132 2760767
1440 13.00 0.19 0.01 12.55 0.26 21.15 0.0000 128 2760767
1441 39.33 0.22 0.01 38.85 0.25 22.26 0.0000 128 2760767
1442 10.93 0.22 0.01 10.35 0.35 22.26 0.0000 128 2760767
1443 38.01 0.25 0.01 37.55 0.21 20.86 0.0000 128 2760767
1444 20.40 0.21 0.28 19.52 0.40 20.86 0.1141 132 2767183
1445 63.62 0.37 0.70 62.36 0.20 45.43 0.0613 132 2767997
1446 11.87 0.15 0.34 11.06 0.32 45.43 0.1909 132 2772301
1447 52.72 0.21 0.30 52.03 0.18 21.26 0.0357 132 2773261
1448 13.14 0.18 0.27 12.36 0.32 21.26 0.1582 132 2794315
1449 23.08 0.18 0.27 22.16 0.48 21.59 0.0394 132 2794315
1450 51.85 0.48 0.87 50.29 0.21 22.90 0.0693 132 2801231
1451 7.82 0.14 0.26 7.22 0.20 22.90 0.1556 132 2799403
1452 45.21 0.19 0.60 44.18 0.24 22.71 0.0235 132 2799975
1453 11.78 0.22 0.29 10.97 0.30 22.71 0.1357 132 2781821
1454 51.41 0.32 0.66 50.13 0.31 22.63 0.0354 132 2792549
1455 7.83 0.25 0.48 6.92 0.18 22.63 0.1543 132 2804682
1456 43.75 0.22 0.48 42.69 0.36 22.64 0.0235 132 2804530
1457 7.15 0.27 0.29 6.34 0.25 22.64 0.1313 132 2783708
1458 44.19 0.18 0.29 43.47 0.26 22.38 0.0215 132 2783708
1459 4.68 0.19 0.29 3.92 0.28 22.38 0.1326 132 2764736
1460 59.11 0.21 0.33 58.40 0.17 22.31 0.0141 132 2765198
1461 7.74 0.14 0.27 7.13 0.19 22.31 0.0000 128 2783940
1462 43.86 0.20 0.01 43.47 0.18 22.34 0.0000 128 2783940
1463 5.91 0.12 0.26 5.31 0.21 22.34 0.0000 128 2802592
1464 46.05 0.14 0.01 45.67 0.23 22.36 0.0000 128 2802592
1465 4.14 0.15 0.01 3.77 0.21 22.36 0.0000 128 2802592
1466 47.83 0.20 0.01 47.26 0.35 22.42 0.0000 128 2802592
1467 18.78 0.25 0.01 18.35 0.17 22.42 0.0000 128 2802592
1468 17.24 0.15 0.01 16.72 0.36 22.49 0.0000 128 2802592
1469 42.39 0.19 0.01 42.02 0.17 22.54 0.0000 128 2802592
1470 7.03 0.12 0.01 6.65 0.25 22.54 0.0000 128 2802592
1471 45.02 0.22 0.01 44.61 0.18 22.49 0.0000 128 2802592
1472 4.79 0.15 0.01 4.46 0.18 22.49 0.0000 128 2802592
1473 47.03 0.20 0.01 46.58 0.24 22.46 0.0000 128 2802592
1474 26.93 0.17 0.01 26.51 0.24 22.48 0.0000 128 2802592
1475 10.47 0.20 0.01 9.88 0.38 22.48 0.0000 128 2802592
1476 42.12 0.24 0.01 41.67 0.19 22.35 0.0000 128 2802592
1477 7.11 0.11 0.28 6.51 0.20 22.35 0.0000 128 2802818
1478 44.90 0.19 0.01 44.48 0.21 21.41 0.0000 128 2802818
1479 6.54 0.13 0.32 5.71 0.38 21.41 0.0000 128 2785637
1480 42.57 0.30 0.69 41.40 0.19 20.13 0.0000 128 2779145
1481 6.48 0.11 0.26 5.86 0.24 20.13 0.0000 128 2796925
1482 41.14 0.23 0.01 40.60 0.29 20.29 0.0000 128 2796925
1483 13.58 0.20 0.01 13.04 0.34 20.29 0.0000 128 2796925
1484 47.50 0.26 0.01 46.80 0.42 21.02 0.0000 128 2796925
1485 15.11 0.21 0.01 14.62 0.26 21.02 0.0000 128 2796925
1486 15.63 0.14 0.01 15.09 0.39 22.70 0.0000 128 2796925
1487 44.16 0.27 0.01 43.69 0.19 20.14 0.0000 128 2796925
1488 10.50 0.16 0.01 9.43 0.91 20.14 0.0000 128 2796925
1489 48.45 0.78 0.03 47.47 0.17 20.10 0.0000 128 2796925
1490 13.87 0.14 0.02 13.48 0.23 20.10 0.0000 128 2796925
1491 23.60 0.12 0.01 22.98 0.49 20.67 0.0000 128 2796925
1492 45.82 0.38 0.02 45.11 0.30 21.03 0.0000 128 2796925
1493 17.88 0.21 0.01 17.38 0.29 21.03 0.0000 128 2796925
1494 41.44 0.26 0.01 40.84 0.32 20.33 0.0000 128 2796925
1495 23.68 0.16 0.01 23.22 0.29 20.26 0.0000 128 2796925
1496 16.03 0.22 0.01 15.56 0.24 20.26 0.0000 128 2796925
1497 45.47 0.23 0.01 44.88 0.35 21.85 0.0000 128 2796925
1498 18.59 0.20 0.02 18.11 0.26 21.85 0.0000 128 2796925
1499 16.78 0.17 0.01 16.25 0.35 22.41 0.0000 128 2796925
1500 42.41 0.30 0.02 41.84 0.25 22.16 0.0000 128 2796925
1501 7.10 0.19 0.01 6.69 0.22 22.16 0.0000 128 2796925
1502 41.25 0.23 0.03 40.76 0.23 20.07 0.0000 128 2796925
1503 13.81 0.17 0.01 13.30 0.33 20.07 0.0000 128 2796925
1504 44.24 0.38 0.01 43.54 0.30 20.18 0.0000 128 2796925
1505 19.21 0.22 0.01 18.65 0.33 20.18 0.0000 128 2796925
1506 15.23 0.20 0.01 14.70 0.33 22.06 0.0000 128 2796925
1507 41.33 0.22 0.01 40.81 0.29 22.13 0.0000 128 2796925
1508 15.35 0.22 0.01 14.79 0.33 22.13 0.0000 0 2796925
1509 43.75 0.29 0.01 43.24 0.20 20.11 0.0000 0 2796925
1510 16.38 0.14 0.01 15.97 0.26 20.11 0.0000 0 2796925
1511 16.83 0.22 0.01 16.40 0.20 20.06 0.0000 0 2796925
1512 16.23 0.25 0.02 15.64 0.32 20.24 0.0000 0 2796925
1513 44.43 0.21 0.01 43.96 0.25 20.39 0.0000 0 2796925
1514 11.71 0.20 0.01 10.92 0.59 20.39 0.0000 0 2796925
1515 46.45 0.59 0.02 45.56 0.27 19.87 0.0000 0 2796925
1516 14.28 0.16 0.02 13.83 0.27 19.87 0.0000 0 2796925
1517 16.44 0.27 0.01 15.92 0.24 20.29 0.0000 0 2796925
1518 41.10 0.22 0.01 40.56 0.31 21.93 0.0000 0 2796925
1519 8.30 0.20 0.01 7.90 0.18 21.93 0.0000 0 2796925
1520 42.14 0.13 0.01 41.71 0.29 21.34 0.0000 0 2796925
1521 9.09 0.25 0.01 8.34 0.49 21.34 0.0000 0 2796925
1522 37.75 0.44 0.01 36.99 0.30 20.23 0.0000 0 2796925
1523 12.01 0.20 0.01 11.53 0.26 20.23 0.0000 0 2796925
1524 16.98 0.19 0.01 16.53 0.25 20.32 0.0000 0 2796925
1525 42.68 0.24 0.01 42.11 0.33 21.76 0.0000 0 2796925
1526 14.56 0.19 0.01 14.02 0.35 21.76 0.0000 0 2796925
1527 46.35 0.43 0.02 45.73 0.17 20.16 0.0000 0 2796925
1528 21.28 0.18 0.01 20.68 0.41 20.16 0.0000 0 2796925
1529 35.94 0.46 0.02 35.27 0.20 20.37 0.0000 0 2796925
1530 6.12 0.16 0.01 5.67 0.28 20.37 0.0000 0 2796925
1531 44.36 0.24 0.01 43.94 0.17 22.11 0.0000 0 2796925
1532 4.49 0.11 0.01 4.00 0.37 22.11 0.0000 0 2796925
1533 48.07 0.28 0.01 47.43 0.36 22.42 0.0000 0 2796925
1534 18.19 0.23 0.02 17.69 0.26 22.42 0.0000 0 2796925
1535 17.40 0.13 0.01 16.79 0.47 22.38 0.0000 0 2796925
1536 41.66 0.43 0.02 40.90 0.30 22.23 0.0000 0 2796925
1537 8.19 0.17 0.01 7.74 0.27 22.23 0.0000 0 2796925
1538 43.20 0.30 0.01 42.58 0.31 22.29 0.0000 0 2796925
1539 14.81 0.19 0.01 14.18 0.43 22.29 0.0000 0 2796925
1540 47.91 0.54 0.02 47.03 0.31 22.54 0.0000 0 2796925
1541 11.79 0.18 0.01 11.18 0.42 22.54 0.0000 0 2796925
1542 40.18 0.35 0.01 39.62 0.19 22.37 0.0000 0 2796925
1543 15.11 0.17 0.01 14.59 0.33 22.37 0.0000 0 2796925
1544 47.45 0.36 0.01 46.81 0.26 22.16 0.0000 0 2796925
1545 13.48 0.20 0.01 12.99 0.28 22.16 0.0000 0 2796925
1546 15.99 0.21 0.01 15.44 0.33 22.45 0.0000 0 2796925
1547 58.66 0.27 0.01 58.09 0.29 33.46 0.0000 0 2796925
1548 15.09 0.21 0.01 14.50 0.37 33.46 0.0000 0 2796925
1549 48.06 0.40 0.02 47.35 0.29 21.30 0.0000 0 2796925
1550 18.67 0.15 0.01 18.15 0.35 21.30 0.0000 0 2796925
1551 38.29 0.36 0.02 37.69 0.22 20.29 0.0000 0 2796925
1552 11.44 0.16 0.01 10.94 0.33 20.29 0.0000 0 2796925
1553 48.77 0.34 0.02 48.10 0.32 21.97 0.0000 0 2796925
1554 10.44 0.16 0.01 10.01 0.25 21.97 0.0000 0 2796925
1555 41.28 0.14 0.01 40.89 0.25 21.97 0.0000 0 2796925
1556 8.60 0.15 0.01 8.20 0.23 21.97 0.0000 0 2796925
1557 42.53 0.17 0.01 42.06 0.28 22.18 0.0000 0 2796925
1558 7.17 0.23 0.01 6.72 0.21 22.18 0.0000 0 2796925
1559 44.67 0.15 0.01 44.23 0.28 22.27 0.0000 0 2796925
1560 4.90 0.24 0.01 4.47 0.19 22.27 0.0000 0 2796925
1561 46.96 0.12 0.01 46.65 0.18 22.26 0.0000 0 2796925
1562 2.98 0.12 0.01 2.62 0.22 22.26 0.0000 0 2796925
1563 49.44 0.16 0.01 48.96 0.31 22.81 0.0000 0 2796925
1564 18.25 0.20 0.02 17.80 0.23 22.81 0.0000 0 2796925
1565 15.94 0.18 0.01 15.55 0.20 22.32 0.0000 0 2796925
1566 42.03 0.16 0.01 41.55 0.32 21.05 0.0000 0 2796925
1567 8.84 0.26 0.01 8.18 0.39 21.05 0.0000 0 2796925
1568 38.27 0.27 0.01 37.68 0.31 20.38 0.0000 0 2796925
1569 11.92 0.24 0.01 11.25 0.41 20.38 0.0000 0 2796925
1570 15.65 0.28 0.02 15.07 0.28 20.82 0.0000 0 2796925
1571 43.34 0.15 0.01 42.87 0.31 20.21 0.0000 0 2796925
1572 13.45 0.16 0.01 12.99 0.29 20.21 0.0000 0 2796925
1573 45.64 0.28 0.01 45.15 0.20 20.25 0.0000 0 2796925
1574 16.61 0.17 0.01 16.12 0.30 20.25 0.0000 0 2796925
1575 42.77 0.31 0.01 42.29 0.17 20.11 0.0000 0 2796925
1576 12.51 0.12 0.01 11.90 0.49 20.11 0.0000 0 2796925
1577 43.92 0.50 0.02 43.09 0.31 33.17 0.0000 0 2796925
1578 16.45 0.26 0.02 15.90 0.27 22.64 0.0000 0 2796925
1579 57.60 0.22 0.02 57.00 0.37 33.22 0.0000 0 2796925
1580 7.58 0.25 0.01 7.01 0.31 33.22 0.0000 0 2796925
1581 59.35 0.15 0.01 58.98 0.20 22.40 0.0000 0 2796925
1582 7.49 0.13 0.01 7.15 0.20 22.40 0.0000 0 2796925
1583 44.33 0.17 0.01 43.96 0.19 22.31 0.0000 0 2796925
1584 5.39 0.14 0.01 4.91 0.34 22.31 0.0000 0 2796925
1585 48.52 0.31 0.01 47.74 0.46 22.20 0.0000 0 2796925
1586 18.30 0.31 0.03 17.75 0.22 22.20 0.0000 0 2796925
1587 17.01 0.14 0.01 16.68 0.19 22.69 0.0000 0 2796925
1588 44.11 0.14 0.01 43.60 0.36 22.08 0.0000 0 2796925
1589 6.78 0.28 0.01 6.15 0.33 22.08 0.0000 0 2796925
1590 46.81 0.32 0.02 46.17 0.30 22.22 0.0000 0 2796925
1591 29.03 0.18 0.02 28.38 0.45 23.00 0.0000 0 2796925
1592 13.13 0.25 0.02 12.31 0.55 23.00 0.0000 0 2796925
1593 28.27 0.53 0.02 27.51 0.21 32.43 0.0000 0 2796925
1594 31.60 0.16 0.01 31.23 0.20 20.49 0.0000 0 2796925
1595 37.79 0.16 0.01 37.30 0.32 20.30 0.0000 0 2796925
1596 17.11 0.21 0.01 16.62 0.27 20.30 0.0000 0 2796925
1597 44.73 0.26 0.01 44.24 0.21 22.36 0.0000 0 2796925
1598 23.51 0.13 0.01 22.77 0.60 22.36 0.0000 0 2796925
1599 39.93 0.55 0.02 38.97 0.38 23.04 0.0000 0 2796925
1600 28.27 0.17 0.02 27.70 0.38 23.71 0.0000 0 2796925
1601 17.55 0.15 0.01 17.13 0.27 23.71 0.0000 0 2796925
1602 25.91 0.21 0.01 25.39 0.29 34.49 0.0000 0 2796925
1603 48.31 0.21 0.01 47.73 0.36 21.42 0.0000 0 2796925
1604 18.44 0.26 0.02 17.86 0.30 21.42 0.0000 0 2796925
1605 37.01 0.18 0.01 36.45 0.37 20.71 0.0000 0 2796925
1606 11.67 0.24 0.02 11.08 0.33 20.71 0.0000 0 2796925
1607 27.01 0.20 0.03 26.44 0.33 21.42 0.0000 0 2796925
1608 39.76 0.31 0.02 39.13 0.30 32.69 0.0000 0 2796925
1609 44.78 0.21 0.01 44.34 0.21 23.86 0.0000 0 2796925
1610 13.87 0.18 0.01 13.31 0.37 23.86 0.0000 0 2796925
1611 61.37 0.37 0.02 60.75 0.23 32.79 0.0000 0 2796925
1612 13.54 0.15 0.01 13.06 0.32 32.79 0.0000 0 2796925
1613 40.52 0.18 0.01 40.11 0.21 22.90 0.0000 0 2796925
1614 8.71 0.15 0.01 8.28 0.27 22.90 0.0000 0 2796925
1615 43.80 0.22 0.01 43.26 0.31 22.74 0.0000 0 2796925
1616 5.89 0.23 0.01 5.38 0.27 22.74 0.0000 0 2796925
1617 58.04 0.17 0.01 57.52 0.34 33.40 0.0000 0 2796925
1618 8.82 0.15 0.01 8.36 0.31 33.40 0.0000 0 2796925
1619 44.41 0.24 0.02 43.97 0.19 22.94 0.0000 0 2796925
1620 5.04 0.13 0.01 4.61 0.28 22.94 0.0000 0 2796925
1621 48.39 0.24 0.01 47.89 0.26 22.48 0.0000 0 2796925
1622 18.80 0.24 0.01 18.31 0.24 22.48 0.0000 0 2796925
1623 16.27 0.16 0.01 15.86 0.24 23.09 0.0000 0 2796925
1624 48.75 0.15 0.01 48.19 0.40 24.97 0.0000 0 2796925
1625 19.19 0.24 0.02 18.61 0.32 24.97 0.0000 0 2796925
1626 23.39 0.18 0.01 22.84 0.36 25.57 0.0000 0 2796925
1627 51.29 0.28 0.01 50.72 0.29 23.01 0.0000 0 2796925
1628 7.47 0.26 0.01 7.00 0.20 23.01 0.0000 0 2796925
1629 41.73 0.15 0.01 41.30 0.28 20.68 0.0000 0 2796925
1630 7.56 0.19 0.01 7.16 0.20 20.68 0.0000 0 2796925
1631 43.02 0.14 0.01 42.62 0.25 22.72 0.0000 0 2796925
1632 7.47 0.22 0.01 6.98 0.27 22.72 0.0000 0 2796925
1633 48.88 0.17 0.01 48.44 0.27 24.16 0.0000 0 2796925
1634 24.65 0.22 0.01 24.13 0.29 24.16 0.0000 0 2796925
1635 37.75 0.26 0.01 37.29 0.18 22.45 0.0000 0 2796925
1636 6.21 0.13 0.01 5.79 0.27 22.45 0.0000 0 2796925
1637 43.23 0.18 0.01 42.81 0.23 20.05 0.0000 0 2796925
1638 13.05 0.21 0.01 12.55 0.28 20.05 0.0000 0 2796925
1639 45.48 0.30 0.01 44.92 0.24 20.59 0.0000 0 2796925
1640 14.54 0.22 0.01 14.10 0.21 20.59 0.0000 0 2796925
1641 15.86 0.12 0.01 15.56 0.17 20.54 0.0000 0 2796925
1642 51.20 0.14 0.01 50.89 0.17 20.53 0.0000 0 2796925
1643 24.51 0.12 0.01 23.95 0.44 20.53 0.0000 0 2796925
1644 37.61 0.48 0.02 36.88 0.24 22.71 0.0000 0 2796925
1645 60.65 0.24 0.02 60.05 0.35 31.51 0.0000 0 2796925
1646 31.54 0.21 0.02 30.89 0.42 23.32 0.0000 0 2796925
1647 15.35 0.17 0.01 14.92 0.25 23.32 0.0000 0 2796925
1648 39.95 0.13 0.01 39.60 0.21 21.67 0.0000 0 2796925
1649 5.71 0.16 0.01 5.33 0.22 21.67 0.0000 0 2796925
1650 43.77 0.15 0.01 43.44 0.18 20.81 0.0000 0 2796925
1651 6.71 0.11 0.01 6.38 0.21 20.81 0.0000 0 2796925
1652 46.61 0.17 0.01 46.21 0.22 21.01 0.0000 0 2796925
1653 11.51 0.17 0.01 10.89 0.44 21.01 0.0000 0 2796925
1654 50.05 0.46 0.02 49.22 0.36 21.82 0.0000 0 2796925
1655 8.25 0.20 0.02 7.81 0.22 21.82 0.0000 0 2796925
1656 43.06 0.15 0.01 42.56 0.34 22.61 0.0000 0 2796925
1657 7.42 0.14 0.01 7.05 0.22 22.61 0.0000 0 2796925
1658 41.16 0.18 0.01 40.78 0.19 20.92 0.0000 0 2796925
1659 14.89 0.12 0.01 14.44 0.32 20.92 0.0000 0 2796925
1660 23.89 0.34 0.01 23.24 0.29 31.86 0.0000 0 2796925
1661 44.90 0.19 0.01 44.47 0.23 20.50 0.0000 0 2796925
1662 14.08 0.22 0.02 13.58 0.26 20.50 0.0000 0 2796925
1663 45.20 0.24 0.01 44.60 0.34 21.27 0.0000 0 2796925
1664 15.94 0.21 0.01 15.44 0.28 21.27 0.0000 0 2796925
1665 15.91 0.22 0.01 15.43 0.25 21.03 0.0000 0 2796925
1666 41.72 0.25 0.01 41.26 0.21 20.84 0.0000 0 2796925
1667 8.23 0.16 0.01 7.86 0.20 20.84 0.0000 0 2796925
1668 41.21 0.17 0.01 40.70 0.33 21.01 0.0000 0 2796925
1669 8.55 0.13 0.01 8.14 0.27 21.01 0.0000 0 2796925
1670 39.57 0.19 0.01 39.05 0.32 20.56 0.0000 0 2796925
1671 10.67 0.18 0.01 10.17 0.31 20.56 0.0000 0 2796925
1672 42.04 0.25 0.01 41.48 0.30 22.67 0.0000 0 2796925
1673 7.86 0.22 0.01 7.46 0.17 22.67 0.0000 0 2796925
1674 42.51 0.14 0.01 42.15 0.21 22.33 0.0000 0 2796925
1675 7.34 0.13 0.01 7.01 0.19 22.33 0.0000 0 2796925
1676 44.58 0.13 0.01 44.15 0.30 22.13 0.0000 0 2796925
1677 7.57 0.21 0.01 6.47 0.88 22.13 0.0000 0 2796925
1678 54.19 1.12 0.06 52.69 0.32 20.64 0.0000 0 2796925
1679 14.24 0.13 0.01 13.84 0.26 20.64 0.0000 0 2796925
1680 56.57 0.23 0.01 56.09 0.24 31.71 0.0000 0 2796925
1681 6.75 0.16 0.01 6.34 0.24 31.71 0.0000 0 2796925
1682 42.98 0.23 0.01 42.41 0.33 22.47 0.0000 0 2796925
1683 21.18 0.23 0.02 20.63 0.31 22.47 0.0000 0 2796925
1684 35.84 0.26 0.01 35.25 0.31 20.23 0.0000 0 2796925
1685 21.51 0.31 0.01 20.92 0.27 20.23 0.0000 0 2796925
1686 66.82 0.26 0.01 66.09 0.46 20.92 0.0000 0 2796925
1687 26.15 0.27 0.01 25.63 0.24 20.92 0.0000 0 2796925
1688 57.03 0.25 0.01 56.41 0.37 30.84 0.0000 0 2796925
1689 12.28 0.28 0.01 11.76 0.23 30.84 0.0000 0 2796925
1690 38.28 0.19 0.01 37.80 0.28 20.46 0.0000 0 2796925
1691 42.21 0.19 0.01 41.69 0.31 20.20 0.0000 0 2796925
1692 28.20 0.18 0.01 27.71 0.30 20.05 0.0000 0 2796925
1693 7.29 0.21 0.01 6.84 0.24 20.05 0.0000 0 2796925
1694 42.65 0.16 0.01 42.23 0.25 21.21 0.0000 0 2796925
1695 7.82 0.21 0.01 7.38 0.22 21.21 0.0000 0 2796925
1696 57.35 0.17 0.01 56.89 0.29 33.48 0.0000 0 2796925
1697 8.63 0.24 0.01 8.17 0.21 33.48 0.0000 0 2796925
1698 46.31 0.17 0.01 45.95 0.18 21.11 0.0000 0 2796925
1699 3.72 0.11 0.01 3.24 0.37 21.11 0.0000 0 2796925
1700 45.10 0.21 0.01 44.61 0.27 20.01 0.0000 0 2796925
1701 12.69 0.22 0.01 12.15 0.31 20.01 0.0000 0 2796925
1702 47.33 0.29 0.01 46.70 0.33 20.03 0.0000 0 2796925
1703 14.94 0.25 0.01 14.39 0.28 20.03 0.0000 0 2796925
1704 46.29 0.23 0.01 45.73 0.31 21.64 0.0000 0 2796925
1705 17.55 0.22 0.01 17.07 0.26 21.64 0.0000 0 2796925
1706 16.20 0.18 0.01 15.74 0.26 21.27 0.0000 0 2796925
1707 41.12 0.23 0.01 40.59 0.29 20.10 0.0000 0 2796925
1708 8.93 0.15 0.01 8.37 0.40 20.10 0.0000 0 2796925
1709 39.96 0.32 0.01 39.33 0.30 20.25 0.0000 0 2796925
1710 9.92 0.20 0.01 9.52 0.19 20.25 0.0000 0 2796925
1711 39.16 0.14 0.01 38.68 0.33 20.09 0.0000 0 2796925
1712 10.33 0.21 0.01 9.91 0.20 20.09 0.0000 0 2796925
1713 16.92 0.29 0.01 16.35 0.26 20.30 0.0000 0 2796925
1714 69.68 0.18 0.01 69.15 0.35 23.16 0.0000 0 2796925
1715 23.06 0.22 0.01 22.55 0.28 23.16 0.0000 0 2796925
1716 41.27 0.21 0.01 40.74 0.31 32.51 0.0000 0 2796925
1717 44.34 0.24 0.01 43.76 0.33 22.38 0.0000 0 2796925
1718 23.17 0.22 0.01 22.67 0.26 22.38 0.0000 0 2796925
1719 32.75 0.17 0.01 32.18 0.39 22.76 0.0000 0 2796925
1720 32.96 0.31 0.01 32.39 0.24 22.48 0.0000 0 2796925
1721 34.05 0.15 0.01 33.48 0.41 22.44 0.0000 0 2796925
1722 33.76 0.34 0.01 33.07 0.34 22.36 0.0000 0 2796925
1723 49.63 0.37 0.02 49.00 0.24 27.50 0.0000 0 2796925
1724 42.02 0.20 0.01 41.52 0.28 20.70 0.0000 0 2796925
1725 43.11 0.26 0.01 42.50 0.34 20.47 0.0000 0 2796925
1726 13.52 0.20 0.03 12.88 0.42 20.47 0.0000 0 2796925
1727 33.86 0.21 0.01 33.42 0.22 21.00 0.0000 0 2796925
1728 33.31 0.13 0.01 32.98 0.19 20.82 0.0000 0 2796925
1729 38.86 0.16 0.01 38.48 0.21 20.54 0.0000 0 2796925
1730 47.76 0.24 0.01 47.28 0.23 32.13 0.0000 0 2796925
1731 46.33 0.18 0.01 45.89 0.25 32.02 0.0000 0 2796925
1732 34.29 0.22 0.01 33.71 0.35 20.17 0.0000 0 2796925
1733 52.05 0.20 0.01 51.43 0.40 31.72 0.0000 0 2796925
1734 12.72 0.25 0.01 12.11 0.35 31.72 0.0000 0 2796925
1735 55.24 0.26 0.01 54.61 0.36 31.51 0.0000 0 2796925
1736 12.15 0.18 0.01 11.65 0.31 31.51 0.0000 0 2796925
1737 39.92 0.24 0.01 39.34 0.33 21.66 0.0000 0 2796925
1738 43.88 0.23 0.01 43.40 0.23 31.53 0.0000 0 2796925
1739 40.56 0.18 0.01 39.98 0.40 20.14 0.0000 0 2796925
1740 43.89 0.26 0.01 43.21 0.41 31.77 0.0000 0 2796925
1741 15.93 0.26 0.01 15.34 0.31 31.77 0.0000 0 2796925
1742 60.25 0.15 0.01 59.81 0.28 32.92 0.0000 0 2796925
1743 31.76 0.27 0.01 31.21 0.27 22.16 0.0000 0 2796925
1744 5.87 0.29 0.01 5.28 0.28 22.16 0.0000 0 2796925
1745 33.99 0.22 0.01 33.56 0.21 24.12 0.0000 0 2796925
1746 34.03 0.15 0.01 33.56 0.31 22.39 0.0000 0 2796925
1747 60.81 0.17 0.01 60.22 0.41 22.43 0.0000 0 2796925
1748 22.59 0.26 0.02 22.00 0.31 22.43 0.0000 0 2796925
1749 34.24 0.18 0.02 33.73 0.31 23.00 0.0000 0 2796925
1750 31.68 0.21 0.02 31.25 0.20 22.63 0.0000 0 2796925
1751 46.36 0.15 0.01 45.83 0.37 22.65 0.0000 0 2796925
1752 32.73 0.30 0.02 32.11 0.31 22.43 0.0000 0 2796925
1753 41.02 0.20 0.02 40.47 0.33 32.04 0.0000 0 2796925
1754 13.64 0.23 0.01 13.13 0.27 32.04 0.0000 0 2796925
1755 27.86 0.19 0.01 27.46 0.19 22.77 0.0000 0 2796925
1756 37.78 0.13 0.01 37.39 0.25 22.15 0.0000 0 2796925
1757 17.77 0.14 0.01 17.35 0.27 22.15 0.0000 0 2796925
1758 17.97 0.19 0.01 17.55 0.23 22.03 0.0000 0 2796925
1759 56.65 0.13 0.01 56.05 0.46 20.47 0.0000 0 2796925
1760 32.69 0.31 0.02 31.94 0.42 20.21 0.0000 0 2796925
1761 9.12 0.23 0.02 8.65 0.21 20.21 0.0000 0 2796925
1762 44.03 0.17 0.01 43.61 0.25 21.01 0.0000 0 2796925
1763 5.41 0.21 0.01 4.97 0.21 21.01 0.0000 0 2796925
1764 48.53 0.14 0.01 48.06 0.33 22.52 0.0000 0 2796925
1765 26.87 0.28 0.02 26.31 0.27 22.28 0.0000 0 2796925
1766 27.25 0.26 0.02 26.62 0.36 22.31 0.0000 0 2796925
1767 26.92 0.18 0.01 26.45 0.29 22.40 0.0000 0 2796925
1768 28.27 0.20 0.01 27.80 0.26 22.28 0.0000 0 2796925
1769 8.54 0.15 0.01 8.09 0.29 22.28 0.0000 0 2796925
1770 45.18 0.22 0.01 44.69 0.25 22.40 0.0000 0 2796925
1771 4.76 0.18 0.01 4.40 0.17 22.40 0.0000 0 2796925
1772 49.62 0.11 0.01 49.29 0.21 20.84 0.0000 0 2796925
1773 37.03 0.16 0.02 36.58 0.27 31.96 0.0000 0 2796925
1774 15.30 0.18 0.01 14.86 0.24 31.96 0.0000 0 2796925
1775 45.49 0.21 0.01 45.02 0.24 20.21 0.0000 0 2796925
1776 35.72 0.12 0.01 35.33 0.26 30.62 0.0000 0 2796925
1777 17.09 0.22 0.01 16.60 0.26 30.62 0.0000 0 2796925
1778 16.91 0.25 0.01 16.41 0.24 22.35 0.0000 0 2796925
1779 45.66 0.22 0.01 45.15 0.28 22.21 0.0000 0 2796925
1780 27.81 0.20 0.01 27.32 0.28 22.49 0.0000 0 2796925
1781 9.54 0.24 0.01 8.92 0.37 22.49 0.0000 0 2796925
1782 33.06 0.30 0.02 32.56 0.18 22.21 0.0000 0 2796925
1783 18.10 0.14 0.01 17.66 0.30 22.39 0.0000 0 2796925
1784 46.69 0.30 0.01 46.07 0.31 22.39 0.0000 0 2796925
1785 27.49 0.26 0.01 26.88 0.35 22.54 0.0000 0 2796925
1786 7.49 0.30 0.01 6.94 0.23 22.54 0.0000 0 2796925
1787 45.79 0.20 0.01 45.32 0.26 22.28 0.0000 0 2796925
1788 27.47 0.25 0.01 26.93 0.28 22.20 0.0000 0 2796925
1789 10.20 0.21 0.01 9.67 0.31 22.20 0.0000 0 2796925
1790 40.41 0.21 0.01 39.88 0.31 20.01 0.0000 0 2796925
1791 36.42 0.18 0.02 35.91 0.31 31.70 0.0000 0 2796925
1792 14.67 0.22 0.01 14.07 0.37 31.70 0.0000 0 2796925
1793 47.97 0.38 0.02 47.29 0.29 21.23 0.0000 0 2796925
1794 11.46 0.22 0.02 10.87 0.34 21.23 0.0000 0 2796925
1795 51.32 0.40 0.02 50.60 0.29 31.49 0.0000 0 2796925
1796 14.78 0.21 0.01 14.22 0.34 31.49 0.0000 0 2796925
1797 16.08 0.33 0.02 15.49 0.24 20.18 0.0000 0 2796925
1798 41.23 0.22 0.01 40.70 0.30 20.14 0.0000 0 2796925
1799 16.87 0.21 0.01 16.32 0.33 20.14 0.0000 0 2796925
1800 43.89 0.18 0.01 43.26 0.44 22.25 0.0000 0 2796925
1801 15.84 0.25 0.03 14.79 0.76 22.25 0.0000 0 2796925
1802 63.18 1.23 0.06 61.48 0.41 22.19 0.0000 0 2796925
1803 20.03 0.25 0.02 19.42 0.33 22.19 0.0000 0 2796925
1804 33.66 0.20 0.01 33.25 0.21 22.68 0.0000 0 2796925
1805 32.96 0.17 0.01 32.47 0.31 22.59 0.0000 0 2796925
1806 33.69 0.22 0.02 33.19 0.26 22.42 0.0000 0 2796925
1807 33.76 0.18 0.01 33.34 0.23 22.54 0.0000 0 2796925
1808 32.34 0.18 0.01 31.88 0.26 22.29 0.0000 0 2796925
1809 61.03 0.12 0.01 60.52 0.37 22.44 0.0000 0 2796925
1810 22.99 0.23 0.01 22.42 0.33 22.44 0.0000 0 2796925
1811 31.94 0.21 0.01 31.45 0.27 22.62 0.0000 0 2796925
1812 47.52 0.29 0.01 46.91 0.30 22.35 0.0000 0 2796925
1813 29.64 0.19 0.01 29.20 0.24 22.05 0.0000 0 2796925
1814 5.57 0.28 0.01 5.12 0.17 22.05 0.0000 0 2796925
1815 34.74 0.14 0.01 34.33 0.26 22.70 0.0000 0 2796925
1816 40.52 0.24 0.01 39.90 0.37 20.83 0.0000 0 2796925
1817 42.97 0.33 0.01 42.44 0.19 31.31 0.0000 0 2796925
1818 39.00 0.15 0.01 38.45 0.39 20.40 0.0000 0 2796925
1819 44.51 0.30 0.01 43.98 0.21 32.02 0.0000 0 2796925
1820 32.68 0.27 0.01 32.21 0.19 22.46 0.0000 0 2796925
1821 42.90 0.17 0.01 42.43 0.29 22.23 0.0000 0 2796925
1822 6.21 0.20 0.01 5.67 0.33 22.23 0.0000 0 2796925
1823 49.02 0.22 0.01 48.49 0.30 20.23 0.0000 0 2796925
1824 18.83 0.21 0.01 18.36 0.24 20.23 0.0000 0 2796925
1825 16.44 0.13 0.01 16.04 0.27 20.35 0.0000 0 2796925
1826 42.82 0.27 0.01 42.34 0.20 20.41 0.0000 0 2796925
1827 7.35 0.16 0.01 6.87 0.31 20.41 0.0000 0 2796925
1828 53.20 0.26 0.01 52.66 0.26 31.70 0.0000 0 2796925
1829 12.84 0.20 0.01 12.37 0.26 31.70 0.0000 0 2796925
1830 15.82 0.16 0.01 15.48 0.17 20.35 0.0000 0 2796925
1831 49.25 0.12 0.01 48.77 0.36 22.47 0.0000 0 2796925
1832 32.24 0.27 0.01 31.62 0.34 22.35 0.0000 0 2796925
1833 30.96 0.23 0.01 30.44 0.28 22.21 0.0000 0 2796925
1834 33.62 0.15 0.01 33.15 0.30 22.27 0.0000 0 2796925
1835 30.69 0.28 0.01 30.10 0.30 22.32 0.0000 0 2796925
1836 6.90 0.26 0.01 6.41 0.22 22.32 0.0000 0 2796925
1837 50.90 0.23 0.01 50.36 0.30 22.15 0.0000 0 2796925
1838 16.67 0.13 0.01 16.27 0.26 22.15 0.0000 0 2796925
1839 15.61 0.24 0.01 15.10 0.25 22.35 0.0000 0 2796925
1840 46.95 0.35 0.01 46.26 0.33 22.25 0.0000 0 2796925
1841 27.38 0.23 0.02 26.89 0.24 22.41 0.0000 0 2796925
1842 9.12 0.14 0.01 8.72 0.25 22.41 0.0000 0 2796925
1843 44.31 0.24 0.01 43.82 0.24 22.23 0.0000 0 2796925
1844 5.20 0.18 0.02 4.75 0.25 22.23 0.0000 0 2796925
1845 46.43 0.17 0.01 45.87 0.38 20.38 0.0000 0 2796925
1846 29.44 0.20 0.01 28.89 0.33 20.17 0.0000 0 2796925
1847 16.21 0.24 0.01 15.65 0.32 20.17 0.0000 0 2796925
1848 51.41 0.28 0.01 50.82 0.29 20.30 0.0000 0 2796925
1849 15.78 0.19 0.01 15.20 0.38 20.30 0.0000 0 2796925
1850 60.82 0.44 0.02 59.96 0.41 31.33 0.0000 0 2796925
1851 18.77 0.23 0.01 18.27 0.26 31.33 0.0000 0 2796925
1852 49.55 0.25 0.01 48.99 0.30 20.09 0.0000 0 2796925
1853 13.72 0.21 0.01 12.96 0.54 20.09 0.0000 0 2796925
1854 39.61 0.47 0.01 38.85 0.27 20.20 0.0000 0 2796925
1855 8.70 0.15 0.01 8.32 0.22 20.20 0.0000 0 2796925
1856 40.94 0.19 0.01 40.40 0.34 20.11 0.0000 0 2796925
1857 9.37 0.19 0.01 8.76 0.41 20.11 0.0000 0 2796925
1858 39.47 0.13 0.01 39.02 0.31 20.06 0.0000 0 2796925
1859 10.35 0.28 0.02 9.81 0.25 20.06 0.0000 0 2796925
1860 39.33 0.16 0.01 38.85 0.32 20.12 0.0000 0 2796925
1861 10.86 0.23 0.01 10.39 0.22 20.12 0.0000 0 2796925
1862 33.60 0.39 0.02 32.92 0.27 21.20 0.0000 0 2796925
1863 32.90 0.40 0.02 32.16 0.33 29.10 0.0000 0 2796925
1864 52.00 0.34 0.02 51.31 0.34 22.40 0.0000 0 2796925
1865 15.17 0.18 0.01 14.66 0.33 22.40 0.0000 0 2796925
1866 41.08 0.22 0.01 40.56 0.29 22.42 0.0000 0 2796925
1867 8.63 0.23 0.01 8.14 0.24 22.42 0.0000 0 2796925
1868 43.13 0.27 0.01 42.54 0.30 20.92 0.0000 0 2796925
1869 6.35 0.20 0.01 5.92 0.21 20.92 0.0000 0 2796925
1870 56.17 0.19 0.01 55.65 0.32 32.20 0.0000 0 2796925
1871 11.76 0.25 0.01 11.23 0.27 32.20 0.0000 0 2796925
1872 40.45 0.20 0.01 39.93 0.31 20.69 0.0000 0 2796925
1873 8.14 0.23 0.01 7.70 0.19 20.69 0.0000 0 2796925
1874 42.50 0.14 0.01 42.01 0.34 20.36 0.0000 0 2796925
1875 43.67 0.26 0.02 43.19 0.20 32.07 0.0000 0 2796925
1876 39.85 0.19 0.02 39.32 0.33 32.03 0.0000 0 2796925
1877 24.31 0.20 0.01 23.91 0.19 32.03 0.0000 0 2796925
1878 48.66 0.18 0.01 48.16 0.31 31.12 0.0000 0 2796925
1879 17.68 0.24 0.01 17.15 0.27 31.12 0.0000 0 2796925
1880 22.36 0.25 0.01 21.83 0.27 21.05 0.0000 0 2796925
1881 48.44 0.40 0.01 47.73 0.29 20.72 0.0000 0 2796925
1882 12.56 0.20 0.01 12.11 0.24 20.72 0.0000 0 2796925
1883 16.20 0.20 0.01 15.72 0.27 21.22 0.0000 0 2796925
1884 57.84 0.22 0.01 57.35 0.26 23.17 0.0000 0 2796925
1885 8.33 0.19 0.01 7.93 0.21 23.17 0.0000 0 2796925
1886 53.84 0.15 0.01 53.43 0.26 31.61 0.0000 0 2796925
1887 17.35 0.19 0.01 16.90 0.24 31.61 0.0000 0 2796925
1888 44.70 0.23 0.01 44.26 0.19 20.81 0.0000 0 2796925
1889 18.08 0.21 0.01 17.63 0.23 20.81 0.0000 0 2796925
1890 21.55 0.14 0.01 21.11 0.30 21.23 0.0000 0 2796925
1891 60.71 0.25 0.01 60.17 0.28 33.76 0.0000 0 2796925
1892 18.18 0.24 0.01 17.63 0.30 33.76 0.0000 0 2796925
1893 24.49 0.18 0.01 23.96 0.35 23.40 0.0000 0 2796925
1894 48.52 0.26 0.01 47.95 0.30 20.75 0.0000 0 2796925
1895 9.57 0.16 0.01 9.14 0.27 20.75 0.0000 0 2796925
1896 43.43 0.20 0.01 42.97 0.25 20.81 0.0000 0 2796925
1897 6.82 0.18 0.01 6.44 0.19 20.81 0.0000 0 2796925
1898 43.22 0.13 0.01 42.81 0.27 20.84 0.0000 0 2796925
1899 7.36 0.21 0.01 6.89 0.24 20.84 0.0000 0 2796925
1900 54.59 0.19 0.01 54.11 0.28 32.31 0.0000 0 2796925
1901 16.08 0.18 0.01 15.59 0.31 32.31 0.0000 0 2796925
1902 50.10 0.36 0.01 49.42 0.30 22.63 0.0000 0 2796925
1903 25.40 0.27 0.01 24.76 0.36 20.79 0.0000 0 2796925
1904 26.54 0.21 0.01 25.99 0.33 20.83 0.0000 0 2796925
1905 24.60 0.25 0.01 24.02 0.31 20.45 0.0000 0 2796925
1906 18.09 0.20 0.01 17.68 0.20 20.45 0.0000 0 2796925
1907 22.86 0.16 0.01 22.42 0.28 20.62 0.0000 0 2796925
1908 59.54 0.26 0.01 59.01 0.27 32.93 0.0000 0 2796925
1909 18.50 0.18 0.01 18.11 0.19 32.93 0.0000 0 2796925
1910 16.09 0.16 0.01 15.74 0.18 23.00 0.0000 0 2796925
1911 57.62 0.13 0.01 57.18 0.31 32.14 0.0000 0 2796925
1912 9.33 0.24 0.01 8.75 0.33 32.14 0.0000 0 2796925
1913 52.09 0.23 0.01 51.66 0.20 31.78 0.0000 0 2796925
1914 14.78 0.20 0.01 14.28 0.28 31.78 0.0000 0 2796925
1915 16.03 0.19 0.01 15.62 0.22 21.23 0.0000 0 2796925
1916 56.84 0.14 0.01 56.38 0.32 23.27 0.0000 0 2796925
1917 10.25 0.24 0.01 9.71 0.28 23.27 0.0000 0 2796925
1918 41.95 0.17 0.01 41.48 0.28 21.64 0.0000 0 2796925
1919 47.07 0.23 0.01 46.57 0.25 31.95 0.0000 0 2796925
1920 58.86 0.22 0.01 58.33 0.30 21.90 0.0000 0 2796925
1921 35.23 0.23 0.01 34.67 0.33 22.39 0.0000 0 2796925
1922 16.13 0.20 0.01 15.71 0.21 22.39 0.0000 0 2796925
1923 23.16 0.16 0.01 22.71 0.28 21.03 0.0000 0 2796925
1924 56.18 0.26 0.01 55.58 0.33 20.86 0.0000 0 2796925
1925 23.90 0.26 0.01 23.34 0.28 20.86 0.0000 0 2796925
1926 51.91 0.22 0.01 51.44 0.23 33.94 0.0000 0 2796925
1927 46.03 0.19 0.01 45.52 0.30 33.97 0.0000 0 2796925
1928 63.20 0.23 0.01 62.60 0.36 25.24 0.0000 0 2796925
1929 20.94 0.22 0.02 20.30 0.39 25.24 0.0000 0 2796925
1930 61.58 0.22 0.01 61.04 0.31 24.20 0.0000 0 2796925
1931 34.56 0.23 0.01 33.91 0.41 22.87 0.0000 0 2796925
1932 19.30 0.20 0.02 18.85 0.22 22.87 0.0000 0 2796925
1933 43.19 0.17 0.01 42.61 0.40 22.67 0.0000 0 2796925
1934 6.40 0.25 0.01 5.93 0.21 22.67 0.0000 0 2796925
1935 50.51 0.17 0.01 50.02 0.32 22.38 0.0000 0 2796925
1936 21.87 0.23 0.01 21.10 0.53 22.38 0.0000 0 2796925
1937 46.21 0.42 0.02 45.47 0.29 22.67 0.0000 0 2796925
1938 15.42 0.18 0.01 14.94 0.30 22.67 0.0000 0 2796925
1939 54.59 0.21 0.01 54.03 0.34 35.40 0.0000 0 2796925
1940 12.14 0.18 0.01 11.56 0.39 35.40 0.0000 0 2796925
1941 33.26 0.19 0.01 32.81 0.24 23.96 0.0000 0 2796925
1942 61.87 0.16 0.01 61.15 0.55 21.41 0.0000 0 2796925
1943 35.36 0.25 0.03 34.53 0.55 21.69 0.0000 0 2796925
1944 32.53 0.29 0.03 31.93 0.29 22.98 0.0000 0 2796925
1945 19.70 0.21 0.01 19.29 0.19 22.98 0.0000 0 2796925
1946 15.85 0.15 0.01 15.46 0.24 22.59 0.0000 0 2796925
1947 50.60 0.18 0.01 50.18 0.23 22.31 0.0000 0 2796925
1948 16.51 0.18 0.01 16.13 0.19 22.31 0.0000 0 2796925
1949 17.19 0.14 0.01 16.81 0.24 22.43 0.0000 0 2796925
1950 46.19 0.22 0.01 45.73 0.24 22.35 0.0000 0 2796925
1951 28.09 0.21 0.01 27.57 0.30 22.37 0.0000 0 2796925
1952 8.92 0.13 0.01 8.54 0.23 22.37 0.0000 0 2796925
1953 44.33 0.23 0.01 43.82 0.26 22.22 0.0000 0 2796925
1954 4.92 0.19 0.01 4.49 0.22 22.22 0.0000 0 2796925
1955 48.74 0.20 0.01 48.29 0.26 22.48 0.0000 0 2796925
1956 18.82 0.21 0.01 18.24 0.36 22.48 0.0000 0 2796925
1957 25.25 0.22 0.01 24.63 0.39 20.87 0.0000 0 2796925
1958 42.81 0.45 0.02 42.10 0.24 30.56 0.0000 0 2796925
1959 47.86 0.20 0.01 47.36 0.30 19.96 0.0000 0 2796925
1960 17.01 0.24 0.01 16.57 0.20 19.96 0.0000 0 2796925
1961 16.16 0.13 0.01 15.79 0.23 20.29 0.0000 0 2796925
1962 42.19 0.21 0.01 41.71 0.26 20.02 0.0000 0 2796925
1963 8.64 0.19 0.02 8.21 0.22 20.02 0.0000 0 2796925
1964 44.90 0.19 0.01 44.40 0.30 22.29 0.0000 0 2796925
1965 38.44 0.25 0.01 37.92 0.26 33.16 0.0000 0 2796925
1966 16.05 0.19 0.01 15.58 0.27 33.16 0.0000 0 2796925
1967 16.64 0.25 0.01 16.09 0.28 22.48 0.0000 0 2796925
1968 44.29 0.25 0.01 43.86 0.17 20.33 0.0000 0 2796925
1969 12.82 0.11 0.01 12.42 0.28 20.33 0.0000 0 2796925
1970 46.70 0.26 0.01 46.22 0.20 19.94 0.0000 0 2796925
1971 13.91 0.21 0.01 13.43 0.27 19.94 0.0000 0 2796925
1972 39.62 0.20 0.01 39.19 0.21 22.21 0.0000 0 2796925
1973 9.19 0.20 0.01 8.78 0.20 22.21 0.0000 0 2796925
1974 47.66 0.13 0.01 47.19 0.33 22.36 0.0000 0 2796925
1975 19.90 0.19 0.02 19.47 0.23 22.36 0.0000 0 2796925
1976 23.64 0.19 0.01 23.15 0.28 22.63 0.0000 0 2796925
1977 54.08 0.29 0.01 53.52 0.25 22.61 0.0000 0 2796925
1978 27.39 0.19 0.02 26.94 0.25 22.11 0.0000 0 2796925
1979 10.83 0.22 0.01 10.40 0.21 22.11 0.0000 0 2796925
1980 41.36 0.14 0.01 40.96 0.26 21.12 0.0000 0 2796925
1981 8.21 0.22 0.01 7.75 0.23 21.12 0.0000 0 2796925
1982 41.56 0.16 0.01 41.07 0.32 20.20 0.0000 0 2796925
1983 8.61 0.14 0.01 8.05 0.40 20.20 0.0000 0 2796925
1984 41.35 0.31 0.02 40.73 0.29 21.09 0.0000 0 2796925
1985 16.04 0.28 0.01 15.44 0.31 21.09 0.0000 0 2796925
1986 48.24 0.35 0.01 47.66 0.22 22.18 0.0000 0 2796925
1987 11.86 0.18 0.01 11.44 0.24 22.18 0.0000 0 2796925
1988 41.82 0.21 0.01 41.37 0.23 22.39 0.0000 0 2796925
1989 13.57 0.24 0.01 12.76 0.54 22.39 0.0000 0 2796925
1990 50.85 0.48 0.02 50.10 0.25 22.29 0.0000 0 2796925
1991 9.09 0.17 0.01 8.72 0.19 22.29 0.0000 0 2796925
1992 44.89 0.14 0.01 44.45 0.28 22.32 0.0000 0 2796925
1993 4.75 0.21 0.01 4.27 0.26 22.32 0.0000 0 2796925
1994 46.48 0.16 0.01 46.02 0.28 20.07 0.0000 0 2796925
1995 24.70 0.24 0.01 24.17 0.27 20.14 0.0000 0 2796925
1996 13.29 0.15 0.01 12.89 0.24 20.14 0.0000 0 2796925
1997 16.09 0.14 0.01 15.77 0.18 20.30 0.0000 0 2796925
1998 55.93 0.14 0.01 55.48 0.30 31.78 0.0000 0 2796925
1999 15.81 0.21 0.01 15.28 0.30 31.78 0.0000 0 2796925
2000 54.00 0.34 0.01 53.33 0.31 27.94 0.0000 0 2796925
2001 8.20 0.26 0.01 7.68 0.25 27.94 0.0000 0 2796925
2002 47.26 0.24 0.01 46.69 0.32 22.90 0.0000 0 2796925
2003 18.63 0.28 0.01 18.15 0.18 22.90 0.0000 0 2796925
2004 16.38 0.12 0.01 16.03 0.22 22.85 0.0000 0 2796925
2005 46.57 0.17 0.01 46.08 0.32 20.65 0.0000 0 2796925
2006 26.17 0.24 0.02 25.63 0.29 20.68 0.0000 0 2796925
2007 15.21 0.18 0.01 13.87 1.15 20.68 0.0000 0 2796925
2008 46.80 1.20 0.06 45.19 0.35 20.83 0.0000 0 2796925
2009 16.51 0.23 0.01 16.02 0.25 20.83 0.0000 0 2796925
2010 15.77 0.20 0.01 15.31 0.24 23.53 0.0000 0 2796925
2011 47.47 0.18 0.01 46.95 0.32 20.87 0.0000 0 2796925
2012 44.63 0.27 0.01 44.00 0.35 31.39 0.0000 0 2796925
2013 24.81 0.24 0.01 24.27 0.28 31.39 0.0000 0 2796925
2014 16.98 0.23 0.01 16.28 0.46 20.38 0.0000 0 2796925
2015 41.71 0.34 0.02 41.12 0.24 21.57 0.0000 0 2796925
2016 8.01 0.15 0.01 7.63 0.22 21.57 0.0000 0 2796925
2017 46.84 0.18 0.01 46.42 0.24 22.05 0.0000 0 2796925
2018 4.25 0.17 0.02 3.74 0.32 22.05 0.0000 0 2796925
2019 48.93 0.25 0.01 48.40 0.28 22.24 0.0000 0 2796925
2020 16.11 0.18 0.02 15.71 0.21 22.24 0.0000 0 2796925
2021 17.22 0.16 0.01 16.79 0.26 22.35 0.0000 0 2796925
2022 48.48 0.26 0.01 47.93 0.29 22.45 0.0000 0 2796925
2023 17.64 0.20 0.02 17.15 0.27 22.45 0.0000 0 2796925
2024 23.26 0.20 0.01 22.61 0.44 22.43 0.0000 0 2796925
2025 27.96 0.48 0.02 27.25 0.21 33.14 0.0000 0 2796925
2026 49.43 0.16 0.01 48.98 0.28 22.11 0.0000 0 2796925
2027 16.14 0.19 0.01 15.69 0.25 22.11 0.0000 0 2796925
2028 16.82 0.22 0.01 16.32 0.27 22.27 0.0000 0 2796925
2029 45.84 0.21 0.01 45.30 0.32 22.23 0.0000 0 2796925
2030 27.71 0.21 0.02 27.28 0.21 22.45 0.0000 0 2796925
2031 8.89 0.18 0.01 8.48 0.21 22.45 0.0000 0 2796925
2032 44.50 0.17 0.01 44.07 0.26 22.50 0.0000 0 2796925
2033 6.38 0.15 0.01 5.97 0.25 22.50 0.0000 0 2796925
2034 47.29 0.19 0.01 46.86 0.23 22.48 0.0000 0 2796925
2035 29.13 0.16 0.01 28.68 0.27 22.45 0.0000 0 2796925
2036 6.98 0.18 0.01 6.57 0.23 22.45 0.0000 0 2796925
2037 46.10 0.20 0.01 45.63 0.26 22.29 0.0000 0 2796925
2038 27.86 0.22 0.02 27.36 0.26 22.14 0.0000 0 2796925
2039 9.82 0.21 0.01 9.18 0.42 22.14 0.0000 0 2796925
2040 43.13 0.33 0.01 42.53 0.26 22.37 0.0000 0 2796925
2041 6.33 0.18 0.01 5.86 0.28 22.37 0.0000 0 2796925
2042 47.78 0.38 0.01 47.08 0.30 22.40 0.0000 0 2796925
2043 27.77 0.19 0.01 27.29 0.28 22.32 0.0000 0 2796925
2044 6.58 0.22 0.01 6.17 0.18 22.32 0.0000 0 2796925
2045 23.44 0.32 0.02 22.88 0.23 22.21 0.0000 0 2796925
2046 49.29 0.24 0.01 48.77 0.27 22.18 0.0000 0 2796925
2047 11.33 0.17 0.01 10.95 0.20 22.18 0.0000 0 2796925
2048 42.93 0.14 0.01 42.53 0.25 22.27 0.0000 0 2796925
2049 7.01 0.19 0.01 6.60 0.21 22.27 0.0000 0 2796925
2050 47.23 0.19 0.01 46.73 0.31 22.68 0.0000 0 2796925
2051 26.43 0.34 0.02 25.73 0.34 21.07 0.0000 0 2796925
2052 9.74 0.28 0.01 9.10 0.35 21.07 0.0000 0 2796925
2053 38.74 0.23 0.01 38.22 0.28 19.95 0.0000 0 2796925
2054 101.95 0.18 0.01 101.44 0.31 20.08 0.0000 0 2796925
2055 18.65 0.21 0.01 18.09 0.33 20.08 0.0000 0 2796925
2056 41.73 0.37 0.02 41.08 0.27 31.63 0.0000 0 2796925
2057 35.98 0.24 0.01 35.46 0.27 20.33 0.0000 0 2796925
2058 47.78 0.31 0.01 47.21 0.25 31.23 0.0000 0 2796925
2059 63.93 0.30 0.01 63.36 0.26 32.82 0.0000 0 2796925
2060 27.57 0.22 0.01 27.08 0.26 22.42 0.0000 0 2796925
2061 15.68 0.16 0.01 15.22 0.30 22.42 0.0000 0 2796925
2062 58.49 0.34 0.01 57.93 0.20 31.49 0.0000 0 2796925
2063 16.75 0.18 0.01 16.18 0.38 31.49 0.0000 0 2796925
2064 16.30 0.21 0.02 15.87 0.21 20.61 0.0000 0 2796925
2065 48.49 0.17 0.01 48.04 0.28 31.27 0.0000 0 2796925
2066 133.59 0.21 0.01 132.40 0.96 20.74 0.0000 0 2796925
2067 35.80 1.14 0.05 34.30 0.31 27.81 0.0000 0 2796925
2068 4.27 0.24 0.01 3.71 0.31 27.81 0.0000 0 2796925
2069 48.00 0.15 0.01 47.65 0.18 20.16 0.0000 0 2796925
2070 16.41 0.15 0.01 15.97 0.28 20.16 0.0000 0 2796925
2071 43.90 0.25 0.01 43.30 0.33 20.13 0.0000 0 2796925
2072 3.85 0.21 0.01 3.41 0.23 20.13 0.0000 0 2796925
2073 31.90 0.21 0.01 31.41 0.27 26.03 0.0000 0 2796925
2074 44.68 0.21 0.01 44.29 0.17 20.22 0.0000 0 2796925
2075 4.69 0.13 0.01 4.37 0.19 20.22 0.0000 0 2796925
2076 43.95 0.21 0.01 43.48 0.25 21.14 0.0000 0 2796925
2077 7.68 0.19 0.01 7.20 0.28 21.14 0.0000 0 2796925
2078 39.42 0.28 0.01 38.89 0.24 20.12 0.0000 0 2796925
2079 9.67 0.15 0.01 9.30 0.22 20.12 0.0000 0 2796925
2080 37.30 0.14 0.01 36.90 0.25 20.13 0.0000 0 2796925
2081 12.78 0.17 0.01 12.27 0.33 20.13 0.0000 0 2796925
2082 16.66 0.22 0.01 16.16 0.28 20.46 0.0000 0 2796925
2083 51.53 0.28 0.01 50.88 0.36 20.06 0.0000 0 2796925
2084 24.26 0.20 0.01 23.89 0.16 20.25 0.0000 0 2796925
